2325,0
2325.1,0
2325.2,0
2325.3,0
2325.4,0
2325.5,0
2325.6,0
2325.7,0
2325.8,0
2325.9,0
2326,0
2326.1,0
2326.2,0
2326.3,0
2326.4,0
2326.5,0
2326.6,0
2326.7,0
2326.8,0
2326.9,0
2327,0
2327.1,0
2327.2,0
2327.3,0
2327.4,0
2327.5,0
2327.6,0
2327.7,0
2327.8,0
2327.9,0
2328,0
2328.1,0
2328.2,0
2328.3,0
2328.4,0
2328.5,0
2328.6,0
2328.7,0
2328.8,0
2328.9,0
2329,0
2329.1,0
2329.2,0
2329.3,0
2329.4,0
2329.5,0
2329.6,0
2329.7,0
2329.8,0
2329.9,0
2330,0
2330.1,0
2330.2,0
2330.3,0
2330.4,0
2330.5,0
2330.6,0
2330.7,0
2330.8,0
2330.9,0
2331,0
2331.1,0
2331.2,0
2331.3,0
2331.4,0
2331.5,0
2331.6,0
2331.7,0
2331.8,0
2331.9,0
2332,0
2332.1,0
2332.2,0
2332.3,0
2332.4,0
2332.5,0
2332.6,0
2332.7,0
2332.8,0
2332.9,0
2333,0
2333.1,0
2333.2,0
2333.3,0
2333.4,0
2333.5,0
2333.6,0
2333.7,0
2333.8,0
2333.9,0
2334,0
2334.1,0
2334.2,0
2334.3,0
2334.4,0
2334.5,0
2334.6,0
2334.7,0
2334.8,0
2334.9,0
2335,0
2335.1,0
2335.2,0
2335.3,0
2335.4,0
2335.5,0
2335.6,0
2335.7,0
2335.8,0
2335.9,0
2336,0
2336.1,0
2336.2,0
2336.3,0
2336.4,0
2336.5,0
2336.6,0
2336.7,0
2336.8,0
2336.9,0
2337,0
2337.1,0
2337.2,0
2337.3,0
2337.4,0
2337.5,0
2337.6,0
2337.7,0
2337.8,0
2337.9,0
2338,0
2338.1,0
2338.2,0
2338.3,0
2338.4,0
2338.5,0
2338.6,0
2338.7,0
2338.8,0
2338.9,0
2339,0
2339.1,0
2339.2,0
2339.3,0
2339.4,0
2339.5,0
2339.6,0
2339.7,0
2339.8,0
2339.9,0
2340,0
2340.1,0
2340.2,0
2340.3,0
2340.4,0
2340.5,0
2340.6,0
2340.7,0
2340.8,0
2340.9,0
2341,0
2341.1,0
2341.2,0
2341.3,0
2341.4,0
2341.5,0
2341.6,0
2341.7,0
2341.8,0
2341.9,0
2342,0
2342.1,0
2342.2,0
2342.3,0
2342.4,0
2342.5,0
2342.6,0
2342.7,0
2342.8,0
2342.9,0
2343,0
2343.1,0
2343.2,0
2343.3,0
2343.4,0
2343.5,0
2343.6,0
2343.7,0
2343.8,0
2343.9,0
2344,0
2344.1,0
2344.2,0
2344.3,0
2344.4,0
2344.5,0
2344.6,0
2344.7,0
2344.8,0
2344.9,0
2345,0
2345.1,0
2345.2,0
2345.3,0
2345.4,0
2345.5,0
2345.6,0
2345.7,0
2345.8,0
2345.9,0
2346,0
2346.1,0
2346.2,0
2346.3,0
2346.4,0
2346.5,0
2346.6,0
2346.7,0
2346.8,0
2346.9,0
2347,0
2347.1,0
2347.2,0
2347.3,0
2347.4,0
2347.5,0
2347.6,0
2347.7,0
2347.8,0
2347.9,0
2348,0
2348.1,0
2348.2,0
2348.3,0
2348.4,0
2348.5,0
2348.6,0
2348.7,0
2348.8,0
2348.9,0
2349,0
2349.1,0
2349.2,0
2349.3,0
2349.4,0
2349.5,0
2349.6,0
2349.7,0
2349.8,0
2349.9,0
2350,0
2350.1,0
2350.2,0
2350.3,0
2350.4,0
2350.5,0
2350.6,0
2350.7,0
2350.8,0
2350.9,0
2351,0
2351.1,0
2351.2,0
2351.3,0
2351.4,0
2351.5,0
2351.6,0
2351.7,0
2351.8,0
2351.9,0
2352,0
2352.1,0
2352.2,0
2352.3,0
2352.4,0
2352.5,0
2352.6,0
2352.7,0
2352.8,0
2352.9,0
2353,0
2353.1,0
2353.2,0
2353.3,0
2353.4,0
2353.5,0
2353.6,0
2353.7,0
2353.8,1
2353.9,0
2354,0
2354.1,0
2354.2,0
2354.3,0
2354.4,0
2354.5,0
2354.6,0
2354.7,0
2354.8,0
2354.9,0
2355,0
2355.1,0
2355.2,0
2355.3,0
2355.4,0
2355.5,0
2355.6,0
2355.7,0
2355.8,0
2355.9,0
2356,0
2356.1,0
2356.2,0
2356.3,0
2356.4,0
2356.5,0
2356.6,0
2356.7,0
2356.8,0
2356.9,0
2357,0
2357.1,0
2357.2,0
2357.3,0
2357.4,0
2357.5,0
2357.6,0
2357.7,0
2357.8,0
2357.9,0
2358,0
2358.1,0
2358.2,0
2358.3,0
2358.4,0
2358.5,0
2358.6,0
2358.7,0
2358.8,0
2358.9,0
2359,0
2359.1,0
2359.2,0
2359.3,0
2359.4,0
2359.5,0
2359.6,0
2359.7,0
2359.8,0
2359.9,0
2360,0
2360.1,0
2360.2,0
2360.3,0
2360.4,0
2360.5,0
2360.6,0
2360.7,0
2360.8,0
2360.9,0
2361,0
2361.1,0
2361.2,0
2361.3,0
2361.4,0
2361.5,0
2361.6,0
2361.7,0
2361.8,0
2361.9,0
2362,0
2362.1,0
2362.2,0
2362.3,0
2362.4,0
2362.5,0
2362.6,0
2362.7,0
2362.8,0
2362.9,0
2363,0
2363.1,0
2363.2,0
2363.3,0
2363.4,0
2363.5,0
2363.6,0
2363.7,0
2363.8,0
2363.9,0
2364,0
2364.1,0
2364.2,0
2364.3,0
2364.4,0
2364.5,0
2364.6,0
2364.7,0
2364.8,0
2364.9,0
2365,0
2365.1,0
2365.2,0
2365.3,0
2365.4,0
2365.5,0
2365.6,0
2365.7,0
2365.8,0
2365.9,0
2366,0
2366.1,0
2366.2,0
2366.3,0
2366.4,0
2366.5,0
2366.6,0
2366.7,0
2366.8,0
2366.9,0
2367,0
2367.1,0
2367.2,0
2367.3,0
2367.4,0
2367.5,0
2367.6,0
2367.7,0
2367.8,0
2367.9,0
2368,0
2368.1,0
2368.2,0
2368.3,0
2368.4,0
2368.5,0
2368.6,0
2368.7,0
2368.8,0
2368.9,0
2369,0
2369.1,0
2369.2,0
2369.3,0
2369.4,0
2369.5,0
2369.6,0
2369.7,0
2369.8,0
2369.9,0
2370,0
2370.1,0
2370.2,0
2370.3,0
2370.4,0
2370.5,0
2370.6,0
2370.7,0
2370.8,0
2370.9,0
2371,0
2371.1,0
2371.2,0
2371.3,0
2371.4,0
2371.5,0
2371.6,0
2371.7,0
2371.8,0
2371.9,0
2372,0
2372.1,0
2372.2,0
2372.3,0
2372.4,0
2372.5,0
2372.6,0
2372.7,0
2372.8,0
2372.9,0
2373,0
2373.1,0
2373.2,0
2373.3,0
2373.4,0
2373.5,0
2373.6,0
2373.7,0
2373.8,0
2373.9,0
2374,0
2374.1,0
2374.2,0
2374.3,0
2374.4,0
2374.5,0
2374.6,0
2374.7,0
2374.8,0
2374.9,0
2375,0
2375.1,0
2375.2,0
2375.3,0
2375.4,0
2375.5,0
2375.6,0
2375.7,0
2375.8,0
2375.9,0
2376,0
2376.1,0
2376.2,0
2376.3,0
2376.4,0
2376.5,0
2376.6,0
2376.7,0
2376.8,0
2376.9,0
2377,0
2377.1,0
2377.2,0
2377.3,0
2377.4,0
2377.5,0
2377.6,0
2377.7,0
2377.8,0
2377.9,0
2378,0
2378.1,0
2378.2,0
2378.3,0
2378.4,0
2378.5,0
2378.6,0
2378.7,0
2378.8,0
2378.9,0
2379,0
2379.1,0
2379.2,0
2379.3,0
2379.4,0
2379.5,0
2379.6,0
2379.7,0
2379.8,0
2379.9,0
2380,0
2380.1,0
2380.2,0
2380.3,0
2380.4,0
2380.5,0
2380.6,0
2380.7,0
2380.8,0
2380.9,0
2381,0
2381.1,0
2381.2,0
2381.3,0
2381.4,0
2381.5,0
2381.6,0
2381.7,0
2381.8,0
2381.9,0
2382,0
2382.1,0
2382.2,0
2382.3,0
2382.4,0
2382.5,0
2382.6,0
2382.7,0
2382.8,0
2382.9,0
2383,0
2383.1,0
2383.2,0
2383.3,0
2383.4,0
2383.5,0
2383.6,0
2383.7,0
2383.8,0
2383.9,0
2384,0
2384.1,0
2384.2,0
2384.3,0
2384.4,0
2384.5,0
2384.6,0
2384.7,0
2384.8,0
2384.9,0
2385,0
2385.1,0
2385.2,0
2385.3,0
2385.4,0
2385.5,0
2385.6,0
2385.7,0
2385.8,0
2385.9,0
2386,0
2386.1,0
2386.2,0
2386.3,0
2386.4,0
2386.5,0
2386.6,0
2386.7,0
2386.8,0
2386.9,0
2387,0
2387.1,0
2387.2,0
2387.3,0
2387.4,0
2387.5,0
2387.6,0
2387.7,0
2387.8,0
2387.9,0
2388,0
2388.1,0
2388.2,0
2388.3,0
2388.4,0
2388.5,0
2388.6,0
2388.7,0
2388.8,0
2388.9,0
2389,0
2389.1,0
2389.2,0
2389.3,0
2389.4,0
2389.5,0
2389.6,0
2389.7,0
2389.8,0
2389.9,0
2390,0
2390.1,0
2390.2,0
2390.3,0
2390.4,0
2390.5,0
2390.6,0
2390.7,0
2390.8,0
2390.9,0
2391,0
2391.1,0
2391.2,0
2391.3,0
2391.4,0
2391.5,0
2391.6,0
2391.7,0
2391.8,0
2391.9,0
2392,0
2392.1,0
2392.2,0
2392.3,0
2392.4,0
2392.5,0
2392.6,0
2392.7,0
2392.8,0
2392.9,0
2393,0
2393.1,0
2393.2,0
2393.3,0
2393.4,0
2393.5,0
2393.6,0
2393.7,0
2393.8,0
2393.9,0
2394,0
2394.1,0
2394.2,0
2394.3,0
2394.4,0
2394.5,0
2394.6,0
2394.7,0
2394.8,0
2394.9,0
2395,0
2395.1,0
2395.2,0
2395.3,0
2395.4,0
2395.5,0
2395.6,0
2395.7,0
2395.8,0
2395.9,0
2396,0
2396.1,0
2396.2,0
2396.3,0
2396.4,0
2396.5,0
2396.6,0
2396.7,0
2396.8,0
2396.9,0
2397,0
2397.1,0
2397.2,0
2397.3,0
2397.4,0
2397.5,0
2397.6,0
2397.7,0
2397.8,0
2397.9,0
2398,0
2398.1,0
2398.2,0
2398.3,0
2398.4,0
2398.5,0
2398.6,0
2398.7,0
2398.8,0
2398.9,0
2399,0
2399.1,0
2399.2,0
2399.3,0
2399.4,0
2399.5,0
2399.6,0
2399.7,0
2399.8,0
2399.9,0
2400,0
2400.1,0
2400.2,0
2400.3,0
2400.4,0
2400.5,0
2400.6,0
2400.7,0
2400.8,0
2400.9,0
2401,0
2401.1,0
2401.2,0
2401.3,0
2401.4,0
2401.5,0
2401.6,0
2401.7,0
2401.8,0
2401.9,0
2402,0
2402.1,0
2402.2,0
2402.3,0
2402.4,0
2402.5,0
2402.6,0
2402.7,0
2402.8,0
2402.9,0
2403,0
2403.1,0
2403.2,0
2403.3,0
2403.4,0
2403.5,0
2403.6,0
2403.7,0
2403.8,0
2403.9,0
2404,0
2404.1,0
2404.2,0
2404.3,0
2404.4,0
2404.5,0
2404.6,0
2404.7,0
2404.8,0
2404.9,0
2405,0
2405.1,0
2405.2,0
2405.3,0
2405.4,0
2405.5,0
2405.6,0
2405.7,0
2405.8,0
2405.9,0
2406,0
2406.1,0
2406.2,0
2406.3,0
2406.4,0
2406.5,0
2406.6,0
2406.7,0
2406.8,0
2406.9,0
2407,0
2407.1,0
2407.2,0
2407.3,0
2407.4,0
2407.5,0
2407.6,0
2407.7,0
2407.8,0
2407.9,0
2408,0
2408.1,0
2408.2,0
2408.3,0
2408.4,0
2408.5,0
2408.6,0
2408.7,0
2408.8,0
2408.9,0
2409,0
2409.1,0
2409.2,0
2409.3,0
2409.4,0
2409.5,0
2409.6,0
2409.7,0
2409.8,0
2409.9,0
2410,0
2410.1,0
2410.2,0
2410.3,0
2410.4,0
2410.5,0
2410.6,0
2410.7,0
2410.8,0
2410.9,0
2411,0
2411.1,0
2411.2,0
2411.3,0
2411.4,0
2411.5,0
2411.6,0
2411.7,0
2411.8,0
2411.9,0
2412,0
2412.1,0
2412.2,0
2412.3,0
2412.4,0
2412.5,0
2412.6,0
2412.7,0
2412.8,0
2412.9,0
2413,0
2413.1,0
2413.2,0
2413.3,0
2413.4,0
2413.5,0
2413.6,0
2413.7,0
2413.8,0
2413.9,0
2414,0
2414.1,0
2414.2,0
2414.3,0
2414.4,0
2414.5,0
2414.6,0
2414.7,0
2414.8,0
2414.9,0
2415,0
2415.1,0
2415.2,0
2415.3,0
2415.4,0
2415.5,0
2415.6,0
2415.7,0
2415.8,0
2415.9,0
2416,0
2416.1,0
2416.2,0
2416.3,0
2416.4,0
2416.5,0
2416.6,0
2416.7,0
2416.8,0
2416.9,0
2417,0
2417.1,0
2417.2,0
2417.3,0
2417.4,0
2417.5,0
2417.6,0
2417.7,0
2417.8,0
2417.9,0
2418,0
2418.1,0
2418.2,0
2418.3,0
2418.4,0
2418.5,0
2418.6,0
2418.7,0
2418.8,0
2418.9,0
2419,0
2419.1,0
2419.2,0
2419.3,0
2419.4,0
2419.5,0
2419.6,0
2419.7,0
2419.8,0
2419.9,0
2420,0
2420.1,0
2420.2,0
2420.3,0
2420.4,0
2420.5,0
2420.6,0
2420.7,0
2420.8,0
2420.9,0
2421,0
2421.1,0
2421.2,0
2421.3,0
2421.4,0
2421.5,0
2421.6,0
2421.7,0
2421.8,0
2421.9,0
2422,0
2422.1,0
2422.2,0
2422.3,0
2422.4,0
2422.5,0
2422.6,0
2422.7,0
2422.8,0
2422.9,0
2423,0
2423.1,0
2423.2,0
2423.3,0
2423.4,0
2423.5,0
2423.6,0
2423.7,0
2423.8,0
2423.9,0
2424,0
2424.1,0
2424.2,0
2424.3,0
2424.4,0
2424.5,0
2424.6,0
2424.7,0
2424.8,0
2424.9,0
2425,0
2425.1,0
2425.2,0
2425.3,0
2425.4,0
2425.5,0
2425.6,0
2425.7,0
2425.8,0
2425.9,0
2426,0
2426.1,0
2426.2,0
2426.3,0
2426.4,0
2426.5,0
2426.6,0
2426.7,0
2426.8,0
2426.9,0
2427,0
2427.1,0
2427.2,0
2427.3,0
2427.4,0
2427.5,0
2427.6,0
2427.7,0
2427.8,0
2427.9,0
2428,0
2428.1,0
2428.2,0
2428.3,0
2428.4,0
2428.5,0
2428.6,0
2428.7,0
2428.8,0
2428.9,0
2429,0
2429.1,0
2429.2,0
2429.3,0
2429.4,0
2429.5,0
2429.6,0
2429.7,0
2429.8,0
2429.9,0
2430,0
2430.1,0
2430.2,0
2430.3,0
2430.4,0
2430.5,0
2430.6,0
2430.7,0
2430.8,0
2430.9,0
2431,0
2431.1,0
2431.2,0
2431.3,0
2431.4,0
2431.5,0
2431.6,0
2431.7,0
2431.8,0
2431.9,0
2432,0
2432.1,0
2432.2,0
2432.3,0
2432.4,0
2432.5,0
2432.6,0
2432.7,0
2432.8,0
2432.9,0
2433,0
2433.1,0
2433.2,0
2433.3,0
2433.4,0
2433.5,0
2433.6,0
2433.7,0
2433.8,0
2433.9,0
2434,0
2434.1,0
2434.2,0
2434.3,0
2434.4,0
2434.5,0
2434.6,0
2434.7,0
2434.8,0
2434.9,0
2435,0
2435.1,0
2435.2,0
2435.3,0
2435.4,0
2435.5,0
2435.6,0
2435.7,0
2435.8,0
2435.9,0
2436,0
2436.1,0
2436.2,0
2436.3,0
2436.4,0
2436.5,0
2436.6,0
2436.7,0
2436.8,0
2436.9,0
2437,0
2437.1,0
2437.2,0
2437.3,0
2437.4,0
2437.5,0
2437.6,0
2437.7,0
2437.8,0
2437.9,0
2438,0
2438.1,0
2438.2,0
2438.3,0
2438.4,0
2438.5,0
2438.6,0
2438.7,0
2438.8,0
2438.9,0
2439,0
2439.1,0
2439.2,0
2439.3,0
2439.4,0
2439.5,0
2439.6,0
2439.7,0
2439.8,0
2439.9,0
2440,0
2440.1,0
2440.2,0
2440.3,0
2440.4,0
2440.5,0
2440.6,0
2440.7,0
2440.8,0
2440.9,0
2441,0
2441.1,0
2441.2,0
2441.3,0
2441.4,0
2441.5,0
2441.6,0
2441.7,0
2441.8,0
2441.9,0
2442,0
2442.1,0
2442.2,0
2442.3,0
2442.4,0
2442.5,0
2442.6,0
2442.7,0
2442.8,0
2442.9,0
2443,0
2443.1,0
2443.2,0
2443.3,0
2443.4,0
2443.5,0
2443.6,0
2443.7,0
2443.8,0
2443.9,0
2444,0
2444.1,0
2444.2,0
2444.3,0
2444.4,0
2444.5,0
2444.6,0
2444.7,0
2444.8,0
2444.9,0
2445,0
2445.1,0
2445.2,0
2445.3,0
2445.4,0
2445.5,0
2445.6,0
2445.7,0
2445.8,0
2445.9,0
2446,0
2446.1,0
2446.2,0
2446.3,0
2446.4,0
2446.5,0
2446.6,0
2446.7,0
2446.8,0
2446.9,0
2447,0
2447.1,0
2447.2,0
2447.3,0
2447.4,0
2447.5,0
2447.6,0
2447.7,0
2447.8,0
2447.9,0
2448,0
2448.1,0
2448.2,0
2448.3,0
2448.4,0
2448.5,0
2448.6,0
2448.7,0
2448.8,0
2448.9,0
2449,0
2449.1,0
2449.2,0
2449.3,0
2449.4,0
2449.5,0
2449.6,0
2449.7,0
2449.8,0
2449.9,0
2450,0
2450.1,0
2450.2,0
2450.3,0
2450.4,0
2450.5,0
2450.6,0
2450.7,0
2450.8,0
2450.9,0
2451,0
2451.1,0
2451.2,0
2451.3,0
2451.4,0
2451.5,0
2451.6,0
2451.7,0
2451.8,0
2451.9,0
2452,0
2452.1,0
2452.2,0
2452.3,0
2452.4,0
2452.5,0
2452.6,0
2452.7,0
2452.8,0
2452.9,0
2453,0
2453.1,0
2453.2,0
2453.3,0
2453.4,0
2453.5,0
2453.6,0
2453.7,0
2453.8,0
2453.9,0
2454,0
2454.1,0
2454.2,0
2454.3,0
2454.4,0
2454.5,0
2454.6,0
2454.7,0
2454.8,0
2454.9,0
2455,0
2455.1,0
2455.2,0
2455.3,0
2455.4,0
2455.5,0
2455.6,0
2455.7,0
2455.8,0
2455.9,0
2456,0
2456.1,0
2456.2,0
2456.3,0
2456.4,0
2456.5,0
2456.6,0
2456.7,0
2456.8,0
2456.9,0
2457,0
2457.1,0
2457.2,0
2457.3,0
2457.4,0
2457.5,0
2457.6,0
2457.7,0
2457.8,0
2457.9,0
2458,0
2458.1,0
2458.2,0
2458.3,0
2458.4,0
2458.5,0
2458.6,0
2458.7,0
2458.8,0
2458.9,0
2459,0
2459.1,0
2459.2,0
2459.3,0
2459.4,0
2459.5,0
2459.6,0
2459.7,0
2459.8,0
2459.9,0
2460,0
2460.1,0
2460.2,0
2460.3,0
2460.4,0
2460.5,0
2460.6,0
2460.7,0
2460.8,0
2460.9,0
2461,0
2461.1,0
2461.2,0
2461.3,0
2461.4,0
2461.5,0
2461.6,0
2461.7,0
2461.8,0
2461.9,0
2462,0
2462.1,0
2462.2,0
2462.3,0
2462.4,0
2462.5,0
2462.6,0
2462.7,0
2462.8,0
2462.9,0
2463,0
2463.1,0
2463.2,0
2463.3,0
2463.4,0
2463.5,0
2463.6,0
2463.7,0
2463.8,0
2463.9,0
2464,0
2464.1,0
2464.2,0
2464.3,0
2464.4,0
2464.5,0
2464.6,0
2464.7,0
2464.8,0
2464.9,0
2465,0
2465.1,0
2465.2,0
2465.3,0
2465.4,0
2465.5,0
2465.6,0
2465.7,0
2465.8,0
2465.9,0
2466,0
2466.1,0
2466.2,0
2466.3,0
2466.4,0
2466.5,0
2466.6,0
2466.7,0
2466.8,0
2466.9,0
2467,0
2467.1,0
2467.2,0
2467.3,0
2467.4,0
2467.5,0
2467.6,0
2467.7,0
2467.8,0
2467.9,0
2468,0
2468.1,0
2468.2,0
2468.3,0
2468.4,0
2468.5,0
2468.6,0
2468.7,0
2468.8,0
2468.9,0
2469,0
2469.1,0
2469.2,0
2469.3,0
2469.4,0
2469.5,0
2469.6,0
2469.7,0
2469.8,0
2469.9,0
2470,0
2470.1,0
2470.2,0
2470.3,0
2470.4,0
2470.5,0
2470.6,0
2470.7,0
2470.8,0
2470.9,0
2471,0
2471.1,0
2471.2,0
2471.3,0
2471.4,0
2471.5,0
2471.6,0
2471.7,0
2471.8,0
2471.9,0
2472,0
2472.1,0
2472.2,0
2472.3,0
2472.4,0
2472.5,0
2472.6,0
2472.7,0
2472.8,0
2472.9,0
2473,0
2473.1,0
2473.2,0
2473.3,0
2473.4,0
2473.5,0
2473.6,0
2473.7,0
2473.8,0
2473.9,0
2474,0
2474.1,0
2474.2,0
2474.3,0
2474.4,0
2474.5,0
2474.6,0
2474.7,0
2474.8,0
2474.9,0
2475,0
2475.1,0
2475.2,0
2475.3,0
2475.4,0
2475.5,0
2475.6,0
2475.7,0
2475.8,0
2475.9,0
2476,0
2476.1,0
2476.2,0
2476.3,0
2476.4,0
2476.5,0
2476.6,0
2476.7,0
2476.8,0
2476.9,0
2477,0
2477.1,0
2477.2,0
2477.3,0
2477.4,0
2477.5,0
2477.6,0
2477.7,0
2477.8,0
2477.9,0
2478,0
2478.1,0
2478.2,0
2478.3,0
2478.4,0
2478.5,0
2478.6,0
2478.7,0
2478.8,0
2478.9,0
2479,0
2479.1,0
2479.2,0
2479.3,0
2479.4,0
2479.5,0
2479.6,0
2479.7,0
2479.8,0
2479.9,0
2480,0
2480.1,0
2480.2,0
2480.3,0
2480.4,0
2480.5,0
2480.6,0
2480.7,0
2480.8,0
2480.9,0
2481,0
2481.1,0
2481.2,0
2481.3,0
2481.4,0
2481.5,0
2481.6,0
2481.7,0
2481.8,0
2481.9,0
2482,0
2482.1,0
2482.2,0
2482.3,0
2482.4,0
2482.5,0
2482.6,0
2482.7,0
2482.8,0
2482.9,0
2483,0
2483.1,0
2483.2,0
2483.3,0
2483.4,0
2483.5,0
2483.6,0
2483.7,0
2483.8,0
2483.9,0
2484,0
2484.1,0
2484.2,0
2484.3,0
2484.4,0
2484.5,0
2484.6,0
2484.7,0
2484.8,0
2484.9,0
2485,0
2485.1,0
2485.2,0
2485.3,0
2485.4,0
2485.5,0
2485.6,0
2485.7,0
2485.8,0
2485.9,0
2486,0
2486.1,0
2486.2,0
2486.3,0
2486.4,0
2486.5,0
2486.6,0
2486.7,0
2486.8,0
2486.9,0
2487,0
2487.1,0
2487.2,0
2487.3,0
2487.4,0
2487.5,0
2487.6,0
2487.7,0
2487.8,0
2487.9,0
2488,0
2488.1,0
2488.2,0
2488.3,0
2488.4,0
2488.5,0
2488.6,0
2488.7,0
2488.8,0
2488.9,0
2489,0
2489.1,0
2489.2,0
2489.3,0
2489.4,0
2489.5,0
2489.6,0
2489.7,0
2489.8,0
2489.9,0
2490,0
2490.1,0
2490.2,0
2490.3,0
2490.4,0
2490.5,0
2490.6,0
2490.7,0
2490.8,0
2490.9,0
2491,0
2491.1,0
2491.2,0
2491.3,0
2491.4,0
2491.5,0
2491.6,0
2491.7,0
2491.8,0
2491.9,0
2492,0
2492.1,0
2492.2,0
2492.3,0
2492.4,0
2492.5,0
2492.6,0
2492.7,0
2492.8,0
2492.9,0
2493,0
2493.1,0
2493.2,0
2493.3,0
2493.4,0
2493.5,0
2493.6,0
2493.7,0
2493.8,0
2493.9,0
2494,0
2494.1,0
2494.2,0
2494.3,0
2494.4,0
2494.5,0
2494.6,0
2494.7,0
2494.8,0
2494.9,0
2495,0
2495.1,0
2495.2,0
2495.3,0
2495.4,0
2495.5,0
2495.6,0
2495.7,0
2495.8,0
2495.9,0
2496,0
2496.1,0
2496.2,0
2496.3,0
2496.4,0
2496.5,0
2496.6,0
2496.7,0
2496.8,0
2496.9,0
2497,0
2497.1,0
2497.2,0
2497.3,0
2497.4,0
2497.5,0
2497.6,0
2497.7,0
2497.8,0
2497.9,0
2498,0
2498.1,0
2498.2,0
2498.3,0
2498.4,0
2498.5,0
2498.6,0
2498.7,0
2498.8,0
2498.9,0
2499,0
2499.1,0
2499.2,0
2499.3,0
2499.4,0
2499.5,0
2499.6,0
2499.7,0
2499.8,0
2499.9,0
2500,0
2500.1,0
2500.2,0
2500.3,0
2500.4,0
2500.5,0
2500.6,0
2500.7,0
2500.8,0
2500.9,0
2501,0
2501.1,0
2501.2,0
2501.3,0
2501.4,0
2501.5,0
2501.6,0
2501.7,0
2501.8,0
2501.9,0
2502,0
2502.1,0
2502.2,0
2502.3,0
2502.4,0
2502.5,0
2502.6,0
2502.7,0
2502.8,0
2502.9,0
2503,0
2503.1,0
2503.2,0
2503.3,0
2503.4,0
2503.5,0
2503.6,0
2503.7,0
2503.8,0
2503.9,0
2504,0
2504.1,0
2504.2,0
2504.3,0
2504.4,0
2504.5,0
2504.6,0
2504.7,0
2504.8,0
2504.9,0
2505,0
2505.1,0
2505.2,0
2505.3,0
2505.4,0
2505.5,0
2505.6,0
2505.7,0
2505.8,0
2505.9,0
2506,0
2506.1,0
2506.2,0
2506.3,0
2506.4,0
2506.5,0
2506.6,0
2506.7,0
2506.8,0
2506.9,0
2507,0
2507.1,0
2507.2,0
2507.3,0
2507.4,0
2507.5,0
2507.6,0
2507.7,0
2507.8,0
2507.9,0
2508,0
2508.1,0
2508.2,0
2508.3,0
2508.4,0
2508.5,0
2508.6,0
2508.7,0
2508.8,0
2508.9,0
2509,0
2509.1,0
2509.2,0
2509.3,0
2509.4,0
2509.5,0
2509.6,0
2509.7,0
2509.8,0
2509.9,0
2510,0
2510.1,0
2510.2,0
2510.3,0
2510.4,0
2510.5,0
2510.6,0
2510.7,0
2510.8,0
2510.9,0
2511,0
2511.1,0
2511.2,0
2511.3,0
2511.4,0
2511.5,0
2511.6,0
2511.7,0
2511.8,0
2511.9,0
2512,0
2512.1,0
2512.2,0
2512.3,0
2512.4,0
2512.5,0
2512.6,0
2512.7,0
2512.8,0
2512.9,0
2513,0
2513.1,0
2513.2,0
2513.3,0
2513.4,0
2513.5,0
2513.6,0
2513.7,0
2513.8,0
2513.9,0
2514,0
2514.1,0
2514.2,0
2514.3,0
2514.4,0
2514.5,0
2514.6,0
2514.7,0
2514.8,0
2514.9,0
2515,0
2515.1,0
2515.2,0
2515.3,0
2515.4,0
2515.5,0
2515.6,0
2515.7,0
2515.8,0
2515.9,0
2516,0
2516.1,0
2516.2,0
2516.3,0
2516.4,0
2516.5,0
2516.6,0
2516.7,0
2516.8,0
2516.9,0
2517,0
2517.1,0
2517.2,0
2517.3,0
2517.4,0
2517.5,0
2517.6,0
2517.7,0
2517.8,0
2517.9,0
2518,0
2518.1,0
2518.2,0
2518.3,0
2518.4,0
2518.5,0
2518.6,0
2518.7,0
2518.8,0
2518.9,0
2519,0
2519.1,0
2519.2,0
2519.3,0
2519.4,0
2519.5,0
2519.6,0
2519.7,0
2519.8,0
2519.9,0
2520,0
2520.1,0
2520.2,0
2520.3,0
2520.4,0
2520.5,0
2520.6,0
2520.7,0
2520.8,0
2520.9,0
2521,0
2521.1,0
2521.2,0
2521.3,0
2521.4,0
2521.5,0
2521.6,0
2521.7,0
2521.8,0
2521.9,0
2522,0
2522.1,0
2522.2,0
2522.3,0
2522.4,0
2522.5,0
2522.6,0
2522.7,0
2522.8,0
2522.9,0
2523,0
2523.1,0
2523.2,0
2523.3,0
2523.4,0
2523.5,0
2523.6,0
2523.7,0
2523.8,0
2523.9,0
2524,0
2524.1,0
2524.2,0
2524.3,0
2524.4,0
2524.5,0
2524.6,0
2524.7,0
2524.8,0
2524.9,0
2525,0
2525.1,0
2525.2,0
2525.3,0
2525.4,0
2525.5,0
2525.6,0
2525.7,0
2525.8,0
2525.9,0
2526,0
2526.1,0
2526.2,0
2526.3,0
2526.4,0
2526.5,0
2526.6,0
2526.7,0
2526.8,0
2526.9,0
2527,0
2527.1,0
2527.2,0
2527.3,0
2527.4,0
2527.5,0
2527.6,0
2527.7,0
2527.8,0
2527.9,0
2528,0
2528.1,0
2528.2,0
2528.3,0
2528.4,0
2528.5,0
2528.6,0
2528.7,0
2528.8,0
2528.9,0
2529,0
2529.1,0
2529.2,0
2529.3,0
2529.4,0
2529.5,0
2529.6,0
2529.7,0
2529.8,0
2529.9,0
2530,0
2530.1,0
2530.2,0
2530.3,0
2530.4,0
2530.5,0
2530.6,0
2530.7,0
2530.8,0
2530.9,0
2531,0
2531.1,0
2531.2,0
2531.3,0
2531.4,0
2531.5,0
2531.6,0
2531.7,0
2531.8,0
2531.9,0
2532,0
2532.1,0
2532.2,0
2532.3,0
2532.4,0
2532.5,0
2532.6,0
2532.7,0
2532.8,0
2532.9,0
2533,0
2533.1,0
2533.2,0
2533.3,0
2533.4,0
2533.5,0
2533.6,0
2533.7,0
2533.8,0
2533.9,0
2534,0
2534.1,0
2534.2,0
2534.3,0
2534.4,0
2534.5,0
2534.6,0
2534.7,0
2534.8,0
2534.9,0
2535,0
2535.1,0
2535.2,0
2535.3,0
2535.4,0
2535.5,0
2535.6,0
2535.7,0
2535.8,0
2535.9,0
2536,0
2536.1,0
2536.2,0
2536.3,0
2536.4,0
2536.5,0
2536.6,0
2536.7,0
2536.8,0
2536.9,0
2537,0
2537.1,0
2537.2,0
2537.3,0
2537.4,0
2537.5,0
2537.6,0
2537.7,0
2537.8,0
2537.9,0
2538,0
2538.1,0
2538.2,0
2538.3,0
2538.4,0
2538.5,0
2538.6,0
2538.7,0
2538.8,0
2538.9,0
2539,0
2539.1,0
2539.2,0
2539.3,0
2539.4,0
2539.5,0
2539.6,0
2539.7,0
2539.8,0
2539.9,0
2540,0
2540.1,0
2540.2,0
2540.3,0
2540.4,0
2540.5,0
2540.6,0
2540.7,0
2540.8,0
2540.9,0
2541,0
2541.1,0
2541.2,0
2541.3,0
2541.4,0
2541.5,0
2541.6,0
2541.7,0
2541.8,0
2541.9,0
2542,0
2542.1,0
2542.2,0
2542.3,0
2542.4,0
2542.5,0
2542.6,0
2542.7,0
2542.8,0
2542.9,0
2543,0
2543.1,0
2543.2,0
2543.3,0
2543.4,0
2543.5,0
2543.6,0
2543.7,0
2543.8,0
2543.9,0
2544,0
2544.1,0
2544.2,0
2544.3,0
2544.4,0
2544.5,1
2544.6,0
2544.7,0
2544.8,0
2544.9,0
2545,0
2545.1,0
2545.2,0
2545.3,0
2545.4,0
2545.5,0
2545.6,0
2545.7,0
2545.8,0
2545.9,0
2546,0
2546.1,0
2546.2,0
2546.3,0
2546.4,0
2546.5,0
2546.6,0
2546.7,0
2546.8,0
2546.9,0
2547,0
2547.1,0
2547.2,0
2547.3,0
2547.4,0
2547.5,0
2547.6,0
2547.7,0
2547.8,0
2547.9,0
2548,0
2548.1,0
2548.2,0
2548.3,0
2548.4,0
2548.5,0
2548.6,0
2548.7,0
2548.8,0
2548.9,0
2549,0
2549.1,0
2549.2,0
2549.3,0
2549.4,0
2549.5,0
2549.6,0
2549.7,0
2549.8,0
2549.9,0
2550,0
2550.1,0
2550.2,0
2550.3,0
2550.4,0
2550.5,0
2550.6,0
2550.7,0
2550.8,0
2550.9,0
2551,0
2551.1,0
2551.2,0
2551.3,0
2551.4,0
2551.5,0
2551.6,0
2551.7,0
2551.8,0
2551.9,0
2552,0
2552.1,0
2552.2,0
2552.3,0
2552.4,0
2552.5,0
2552.6,0
2552.7,0
2552.8,0
2552.9,0
2553,0
2553.1,0
2553.2,0
2553.3,0
2553.4,0
2553.5,0
2553.6,0
2553.7,0
2553.8,0
2553.9,0
2554,0
2554.1,0
2554.2,0
2554.3,0
2554.4,0
2554.5,0
2554.6,0
2554.7,0
2554.8,0
2554.9,0
2555,0
2555.1,0
2555.2,0
2555.3,0
2555.4,0
2555.5,0
2555.6,0
2555.7,0
2555.8,0
2555.9,0
2556,0
2556.1,0
2556.2,0
2556.3,0
2556.4,0
2556.5,0
2556.6,0
2556.7,0
2556.8,0
2556.9,0
2557,0
2557.1,0
2557.2,0
2557.3,0
2557.4,0
2557.5,0
2557.6,0
2557.7,0
2557.8,0
2557.9,0
2558,0
2558.1,0
2558.2,0
2558.3,0
2558.4,0
2558.5,0
2558.6,0
2558.7,0
2558.8,0
2558.9,0
2559,0
2559.1,0
2559.2,0
2559.3,0
2559.4,0
2559.5,0
2559.6,0
2559.7,0
2559.8,0
2559.9,0
2560,0
2560.1,0
2560.2,0
2560.3,0
2560.4,0
2560.5,0
2560.6,0
2560.7,0
2560.8,0
2560.9,0
2561,0
2561.1,0
2561.2,0
2561.3,0
2561.4,0
2561.5,0
2561.6,0
2561.7,0
2561.8,0
2561.9,0
2562,0
2562.1,0
2562.2,0
2562.3,0
2562.4,0
2562.5,0
2562.6,0
2562.7,0
2562.8,0
2562.9,0
2563,0
2563.1,0
2563.2,0
2563.3,0
2563.4,0
2563.5,0
2563.6,0
2563.7,0
2563.8,0
2563.9,0
2564,0
2564.1,0
2564.2,0
2564.3,0
2564.4,0
2564.5,0
2564.6,0
2564.7,0
2564.8,0
2564.9,0
2565,0
2565.1,0
2565.2,0
2565.3,0
2565.4,0
2565.5,0
2565.6,0
2565.7,0
2565.8,0
2565.9,0
2566,0
2566.1,0
2566.2,0
2566.3,0
2566.4,0
2566.5,0
2566.6,0
2566.7,0
2566.8,0
2566.9,0
2567,0
2567.1,0
2567.2,0
2567.3,0
2567.4,0
2567.5,0
2567.6,0
2567.7,0
2567.8,0
2567.9,0
2568,0
2568.1,0
2568.2,0
2568.3,0
2568.4,0
2568.5,0
2568.6,0
2568.7,0
2568.8,0
2568.9,0
2569,0
2569.1,0
2569.2,0
2569.3,0
2569.4,0
2569.5,0
2569.6,0
2569.7,0
2569.8,0
2569.9,0
2570,0
2570.1,0
2570.2,0
2570.3,0
2570.4,0
2570.5,0
2570.6,0
2570.7,0
2570.8,0
2570.9,0
2571,0
2571.1,0
2571.2,0
2571.3,0
2571.4,0
2571.5,0
2571.6,0
2571.7,0
2571.8,0
2571.9,0
2572,0
2572.1,0
2572.2,0
2572.3,0
2572.4,0
2572.5,0
2572.6,0
2572.7,0
2572.8,0
2572.9,0
2573,0
2573.1,0
2573.2,0
2573.3,0
2573.4,0
2573.5,0
2573.6,0
2573.7,0
2573.8,0
2573.9,0
2574,0
2574.1,0
2574.2,0
2574.3,0
2574.4,0
2574.5,0
2574.6,0
2574.7,0
2574.8,0
2574.9,0
2575,0
2575.1,0
2575.2,0
2575.3,0
2575.4,0
2575.5,0
2575.6,0
2575.7,0
2575.8,0
2575.9,0
2576,0
2576.1,0
2576.2,0
2576.3,0
2576.4,0
2576.5,0
2576.6,0
2576.7,0
2576.8,0
2576.9,0
2577,0
2577.1,0
2577.2,0
2577.3,0
2577.4,0
2577.5,0
2577.6,0
2577.7,0
2577.8,0
2577.9,0
2578,0
2578.1,0
2578.2,0
2578.3,0
2578.4,0
2578.5,0
2578.6,0
2578.7,0
2578.8,0
2578.9,0
2579,0
2579.1,0
2579.2,0
2579.3,0
2579.4,0
2579.5,0
2579.6,0
2579.7,0
2579.8,0
2579.9,0
2580,0
2580.1,0
2580.2,0
2580.3,0
2580.4,0
2580.5,0
2580.6,0
2580.7,0
2580.8,0
2580.9,0
2581,0
2581.1,0
2581.2,0
2581.3,0
2581.4,0
2581.5,0
2581.6,0
2581.7,0
2581.8,0
2581.9,0
2582,0
2582.1,0
2582.2,0
2582.3,0
2582.4,0
2582.5,0
2582.6,0
2582.7,0
2582.8,0
2582.9,0
2583,0
2583.1,0
2583.2,0
2583.3,0
2583.4,0
2583.5,0
2583.6,0
2583.7,0
2583.8,0
2583.9,0
2584,0
2584.1,0
2584.2,0
2584.3,0
2584.4,0
2584.5,0
2584.6,0
2584.7,0
2584.8,0
2584.9,0
2585,0
2585.1,0
2585.2,0
2585.3,0
2585.4,0
2585.5,0
2585.6,0
2585.7,0
2585.8,0
2585.9,0
2586,0
2586.1,0
2586.2,0
2586.3,0
2586.4,0
2586.5,0
2586.6,0
2586.7,0
2586.8,0
2586.9,0
2587,0
2587.1,0
2587.2,0
2587.3,0
2587.4,0
2587.5,0
2587.6,0
2587.7,0
2587.8,0
2587.9,0
2588,0
2588.1,0
2588.2,0
2588.3,0
2588.4,0
2588.5,0
2588.6,0
2588.7,0
2588.8,0
2588.9,0
2589,0
2589.1,0
2589.2,0
2589.3,0
2589.4,0
2589.5,0
2589.6,0
2589.7,0
2589.8,0
2589.9,0
2590,0
2590.1,0
2590.2,0
2590.3,0
2590.4,0
2590.5,0
2590.6,0
2590.7,0
2590.8,0
2590.9,0
2591,0
2591.1,0
2591.2,0
2591.3,0
2591.4,0
2591.5,0
2591.6,0
2591.7,0
2591.8,0
2591.9,0
2592,0
2592.1,0
2592.2,0
2592.3,0
2592.4,0
2592.5,0
2592.6,0
2592.7,0
2592.8,0
2592.9,0
2593,0
2593.1,0
2593.2,0
2593.3,0
2593.4,0
2593.5,0
2593.6,0
2593.7,0
2593.8,0
2593.9,0
2594,0
2594.1,0
2594.2,0
2594.3,0
2594.4,0
2594.5,0
2594.6,0
2594.7,0
2594.8,0
2594.9,0
2595,0
2595.1,0
2595.2,0
2595.3,0
2595.4,0
2595.5,0
2595.6,0
2595.7,0
2595.8,0
2595.9,0
2596,0
2596.1,0
2596.2,0
2596.3,0
2596.4,0
2596.5,0
2596.6,0
2596.7,0
2596.8,0
2596.9,0
2597,0
2597.1,0
2597.2,0
2597.3,0
2597.4,0
2597.5,0
2597.6,0
2597.7,0
2597.8,0
2597.9,0
2598,0
2598.1,0
2598.2,0
2598.3,0
2598.4,0
2598.5,0
2598.6,0
2598.7,0
2598.8,0
2598.9,0
2599,0
2599.1,0
2599.2,0
2599.3,0
2599.4,0
2599.5,0
2599.6,0
2599.7,0
2599.8,0
2599.9,0
2600,0
2600.1,0
2600.2,0
2600.3,0
2600.4,0
2600.5,0
2600.6,0
2600.7,0
2600.8,0
2600.9,0
2601,0
2601.1,0
2601.2,0
2601.3,0
2601.4,0
2601.5,0
2601.6,0
2601.7,0
2601.8,0
2601.9,0
2602,0
2602.1,0
2602.2,0
2602.3,0
2602.4,0
2602.5,0
2602.6,0
2602.7,0
2602.8,0
2602.9,0
2603,0
2603.1,0
2603.2,0
2603.3,0
2603.4,0
2603.5,0
2603.6,0
2603.7,0
2603.8,0
2603.9,0
2604,0
2604.1,0
2604.2,0
2604.3,0
2604.4,0
2604.5,0
2604.6,0
2604.7,0
2604.8,0
2604.9,0
2605,0
2605.1,0
2605.2,0
2605.3,0
2605.4,0
2605.5,0
2605.6,0
2605.7,0
2605.8,0
2605.9,0
2606,0
2606.1,0
2606.2,0
2606.3,0
2606.4,0
2606.5,0
2606.6,0
2606.7,0
2606.8,0
2606.9,0
2607,0
2607.1,0
2607.2,0
2607.3,0
2607.4,0
2607.5,0
2607.6,0
2607.7,0
2607.8,0
2607.9,0
2608,0
2608.1,0
2608.2,0
2608.3,0
2608.4,0
2608.5,0
2608.6,0
2608.7,0
2608.8,0
2608.9,0
2609,0
2609.1,0
2609.2,0
2609.3,0
2609.4,0
2609.5,0
2609.6,0
2609.7,0
2609.8,0
2609.9,0
2610,0
2610.1,0
2610.2,0
2610.3,0
2610.4,0
2610.5,0
2610.6,0
2610.7,0
2610.8,0
2610.9,0
2611,0
2611.1,0
2611.2,0
2611.3,0
2611.4,0
2611.5,0
2611.6,0
2611.7,0
2611.8,0
2611.9,0
2612,0
2612.1,0
2612.2,0
2612.3,0
2612.4,0
2612.5,0
2612.6,0
2612.7,0
2612.8,0
2612.9,0
2613,0
2613.1,0
2613.2,0
2613.3,0
2613.4,0
2613.5,0
2613.6,0
2613.7,0
2613.8,0
2613.9,0
2614,0
2614.1,0
2614.2,0
2614.3,0
2614.4,0
2614.5,0
2614.6,0
2614.7,0
2614.8,0
2614.9,0
2615,0
2615.1,0
2615.2,0
2615.3,0
2615.4,0
2615.5,0
2615.6,0
2615.7,0
2615.8,0
2615.9,0
2616,0
2616.1,0
2616.2,0
2616.3,0
2616.4,0
2616.5,0
2616.6,0
2616.7,0
2616.8,0
2616.9,0
2617,0
2617.1,0
2617.2,0
2617.3,0
2617.4,0
2617.5,0
2617.6,0
2617.7,0
2617.8,0
2617.9,0
2618,0
2618.1,0
2618.2,0
2618.3,0
2618.4,0
2618.5,0
2618.6,0
2618.7,0
2618.8,0
2618.9,0
2619,0
2619.1,0
2619.2,0
2619.3,0
2619.4,0
2619.5,0
2619.6,0
2619.7,0
2619.8,0
2619.9,0
2620,0
2620.1,0
2620.2,0
2620.3,0
2620.4,0
2620.5,0
2620.6,0
2620.7,0
2620.8,0
2620.9,0
2621,0
2621.1,0
2621.2,0
2621.3,0
2621.4,0
2621.5,0
2621.6,0
2621.7,0
2621.8,0
2621.9,0
2622,0
2622.1,0
2622.2,0
2622.3,0
2622.4,0
2622.5,0
2622.6,0
2622.7,0
2622.8,0
2622.9,0
2623,0
2623.1,0
2623.2,0
2623.3,0
2623.4,0
2623.5,0
2623.6,0
2623.7,0
2623.8,0
2623.9,0
2624,0
2624.1,0
2624.2,0
2624.3,0
2624.4,0
2624.5,0
2624.6,0
2624.7,0
2624.8,0
2624.9,0
2625,0
2625.1,0
2625.2,0
2625.3,0
2625.4,0
2625.5,0
2625.6,0
2625.7,0
2625.8,0
2625.9,0
2626,0
2626.1,0
2626.2,0
2626.3,0
2626.4,0
2626.5,0
2626.6,0
2626.7,0
2626.8,0
2626.9,0
2627,0
2627.1,0
2627.2,0
2627.3,0
2627.4,0
2627.5,0
2627.6,0
2627.7,0
2627.8,0
2627.9,0
2628,0
2628.1,0
2628.2,0
2628.3,0
2628.4,0
2628.5,0
2628.6,0
2628.7,0
2628.8,0
2628.9,0
2629,0
2629.1,0
2629.2,0
2629.3,0
2629.4,0
2629.5,0
2629.6,0
2629.7,0
2629.8,0
2629.9,0
2630,0
2630.1,0
2630.2,0
2630.3,0
2630.4,0
2630.5,0
2630.6,0
2630.7,0
2630.8,0
2630.9,0
2631,0
2631.1,0
2631.2,0
2631.3,0
2631.4,0
2631.5,0
2631.6,0
2631.7,0
2631.8,0
2631.9,0
2632,0
2632.1,0
2632.2,0
2632.3,0
2632.4,0
2632.5,0
2632.6,0
2632.7,0
2632.8,0
2632.9,0
2633,0
2633.1,0
2633.2,0
2633.3,0
2633.4,0
2633.5,0
2633.6,0
2633.7,0
2633.8,0
2633.9,0
2634,0
2634.1,0
2634.2,0
2634.3,0
2634.4,0
2634.5,0
2634.6,0
2634.7,0
2634.8,0
2634.9,0
2635,0
2635.1,0
2635.2,0
2635.3,0
2635.4,0
2635.5,0
2635.6,0
2635.7,0
2635.8,0
2635.9,0
2636,0
2636.1,0
2636.2,0
2636.3,0
2636.4,0
2636.5,0
2636.6,0
2636.7,0
2636.8,0
2636.9,0
2637,0
2637.1,0
2637.2,0
2637.3,0
2637.4,0
2637.5,0
2637.6,0
2637.7,0
2637.8,0
2637.9,0
2638,0
2638.1,0
2638.2,0
2638.3,0
2638.4,0
2638.5,0
2638.6,0
2638.7,0
2638.8,0
2638.9,0
2639,0
2639.1,0
2639.2,0
2639.3,0
2639.4,0
2639.5,0
2639.6,0
2639.7,0
2639.8,0
2639.9,0
2640,0
2640.1,0
2640.2,0
2640.3,0
2640.4,0
2640.5,0
2640.6,0
2640.7,0
2640.8,0
2640.9,0
2641,0
2641.1,0
2641.2,0
2641.3,0
2641.4,0
2641.5,0
2641.6,0
2641.7,0
2641.8,0
2641.9,0
2642,0
2642.1,0
2642.2,0
2642.3,0
2642.4,0
2642.5,0
2642.6,0
2642.7,0
2642.8,0
2642.9,0
2643,0
2643.1,0
2643.2,0
2643.3,0
2643.4,0
2643.5,0
2643.6,0
2643.7,0
2643.8,0
2643.9,0
2644,0
2644.1,0
2644.2,0
2644.3,0
2644.4,0
2644.5,0
2644.6,0
2644.7,0
2644.8,0
2644.9,0
2645,0
2645.1,0
2645.2,0
2645.3,0
2645.4,0
