2325,-1
2325.1,-1
2325.2,-1
2325.3,1
2325.4,1
2325.5,1
2325.6,1
2325.7,1
2325.8,1
2325.9,1
2326,1
2326.1,1
2326.2,1
2326.3,1
2326.4,1
2326.5,1
2326.6,1
2326.7,1
2326.8,1
2326.9,1
2327,1
2327.1,1
2327.2,1
2327.3,1
2327.4,1
2327.5,1
2327.6,1
2327.7,1
2327.8,1
2327.9,1
2328,1
2328.1,1
2328.2,1
2328.3,1
2328.4,1
2328.5,1
2328.6,1
2328.7,1
2328.8,1
2328.9,1
2329,1
2329.1,1
2329.2,1
2329.3,1
2329.4,1
2329.5,1
2329.6,1
2329.7,1
2329.8,1
2329.9,1
2330,1
2330.1,1
2330.2,1
2330.3,1
2330.4,1
2330.5,1
2330.6,1
2330.7,1
2330.8,1
2330.9,1
2331,1
2331.1,1
2331.2,1
2331.3,1
2331.4,1
2331.5,1
2331.6,1
2331.7,1
2331.8,1
2331.9,1
2332,1
2332.1,1
2332.2,1
2332.3,1
2332.4,1
2332.5,1
2332.6,1
2332.7,1
2332.8,1
2332.9,1
2333,1
2333.1,1
2333.2,1
2333.3,1
2333.4,1
2333.5,1
2333.6,1
2333.7,1
2333.8,1
2333.9,1
2334,1
2334.1,1
2334.2,1
2334.3,1
2334.4,1
2334.5,1
2334.6,1
2334.7,1
2334.8,1
2334.9,0
2335,0
2335.1,0
2335.2,0
2335.3,0
2335.4,0
2335.5,0
2335.6,0
2335.7,0
2335.8,0
2335.9,0
2336,0
2336.1,0
2336.2,0
2336.3,0
2336.4,0
2336.5,0
2336.6,0
2336.7,0
2336.8,0
2336.9,0
2337,0
2337.1,0
2337.2,0
2337.3,0
2337.4,0
2337.5,0
2337.6,0
2337.7,0
2337.8,0
2337.9,0
2338,0
2338.1,0
2338.2,0
2338.3,0
2338.4,0
2338.5,0
2338.6,0
2338.7,0
2338.8,0
2338.9,0
2339,0
2339.1,0
2339.2,0
2339.3,0
2339.4,0
2339.5,1
2339.6,1
2339.7,1
2339.8,1
2339.9,1
2340,1
2340.1,1
2340.2,1
2340.3,1
2340.4,1
2340.5,1
2340.6,1
2340.7,1
2340.8,1
2340.9,1
2341,1
2341.1,1
2341.2,1
2341.3,1
2341.4,1
2341.5,1
2341.6,1
2341.7,1
2341.8,1
2341.9,1
2342,1
2342.1,1
2342.2,1
2342.3,1
2342.4,1
2342.5,1
2342.6,1
2342.7,1
2342.8,1
2342.9,1
2343,1
2343.1,1
2343.2,1
2343.3,1
2343.4,1
2343.5,1
2343.6,1
2343.7,1
2343.8,1
2343.9,1
2344,1
2344.1,1
2344.2,1
2344.3,1
2344.4,1
2344.5,1
2344.6,1
2344.7,1
2344.8,1
2344.9,1
2345,1
2345.1,1
2345.2,1
2345.3,1
2345.4,1
2345.5,1
2345.6,1
2345.7,1
2345.8,1
2345.9,1
2346,1
2346.1,1
2346.2,1
2346.3,1
2346.4,1
2346.5,1
2346.6,1
2346.7,1
2346.8,1
2346.9,1
2347,1
2347.1,1
2347.2,1
2347.3,1
2347.4,1
2347.5,1
2347.6,1
2347.7,1
2347.8,1
2347.9,1
2348,1
2348.1,1
2348.2,1
2348.3,1
2348.4,1
2348.5,1
2348.6,1
2348.7,1
2348.8,1
2348.9,1
2349,1
2349.1,1
2349.2,1
2349.3,1
2349.4,1
2349.5,1
2349.6,1
2349.7,1
2349.8,1
2349.9,1
2350,1
2350.1,1
2350.2,1
2350.3,1
2350.4,1
2350.5,1
2350.6,1
2350.7,1
2350.8,1
2350.9,1
2351,1
2351.1,1
2351.2,1
2351.3,1
2351.4,1
2351.5,1
2351.6,1
2351.7,1
2351.8,1
2351.9,1
2352,1
2352.1,1
2352.2,1
2352.3,1
2352.4,1
2352.5,1
2352.6,1
2352.7,1
2352.8,1
2352.9,1
2353,1
2353.1,1
2353.2,1
2353.3,1
2353.4,1
2353.5,1
2353.6,1
2353.7,1
2353.8,2
2353.9,2
2354,2
2354.1,2
2354.2,2
2354.3,2
2354.4,2
2354.5,2
2354.6,2
2354.7,2
2354.8,2
2354.9,2
2355,2
2355.1,2
2355.2,2
2355.3,2
2355.4,2
2355.5,2
2355.6,2
2355.7,2
2355.8,1
2355.9,1
2356,1
2356.1,1
2356.2,1
2356.3,1
2356.4,1
2356.5,1
2356.6,1
2356.7,1
2356.8,1
2356.9,1
2357,1
2357.1,1
2357.2,1
2357.3,1
2357.4,1
2357.5,1
2357.6,1
2357.7,1
2357.8,1
2357.9,1
2358,1
2358.1,1
2358.2,1
2358.3,1
2358.4,1
2358.5,1
2358.6,1
2358.7,1
2358.8,1
2358.9,1
2359,1
2359.1,1
2359.2,1
2359.3,1
2359.4,1
2359.5,1
2359.6,1
2359.7,1
2359.8,1
2359.9,1
2360,1
2360.1,1
2360.2,1
2360.3,1
2360.4,1
2360.5,1
2360.6,1
2360.7,1
2360.8,1
2360.9,1
2361,1
2361.1,1
2361.2,1
2361.3,1
2361.4,1
2361.5,1
2361.6,1
2361.7,1
2361.8,1
2361.9,1
2362,1
2362.1,1
2362.2,1
2362.3,1
2362.4,1
2362.5,1
2362.6,1
2362.7,1
2362.8,1
2362.9,1
2363,1
2363.1,1
2363.2,1
2363.3,1
2363.4,1
2363.5,1
2363.6,1
2363.7,1
2363.8,1
2363.9,1
2364,1
2364.1,1
2364.2,1
2364.3,1
2364.4,1
2364.5,1
2364.6,1
2364.7,1
2364.8,1
2364.9,1
2365,1
2365.1,1
2365.2,1
2365.3,1
2365.4,1
2365.5,1
2365.6,1
2365.7,1
2365.8,1
2365.9,1
2366,1
2366.1,1
2366.2,1
2366.3,1
2366.4,1
2366.5,1
2366.6,1
2366.7,1
2366.8,1
2366.9,1
2367,1
2367.1,1
2367.2,1
2367.3,1
2367.4,1
2367.5,1
2367.6,1
2367.7,1
2367.8,1
2367.9,1
2368,1
2368.1,1
2368.2,1
2368.3,1
2368.4,1
2368.5,1
2368.6,1
2368.7,1
2368.8,1
2368.9,1
2369,1
2369.1,1
2369.2,1
2369.3,1
2369.4,1
2369.5,1
2369.6,1
2369.7,1
2369.8,1
2369.9,1
2370,1
2370.1,1
2370.2,1
2370.3,1
2370.4,1
2370.5,1
2370.6,1
2370.7,1
2370.8,1
2370.9,1
2371,1
2371.1,1
2371.2,1
2371.3,1
2371.4,1
2371.5,1
2371.6,1
2371.7,1
2371.8,1
2371.9,1
2372,1
2372.1,1
2372.2,1
2372.3,1
2372.4,1
2372.5,1
2372.6,1
2372.7,1
2372.8,1
2372.9,0
2373,0
2373.1,0
2373.2,0
2373.3,0
2373.4,0
2373.5,0
2373.6,0
2373.7,0
2373.8,0
2373.9,0
2374,0
2374.1,0
2374.2,0
2374.3,0
2374.4,0
2374.5,0
2374.6,0
2374.7,0
2374.8,0
2374.9,0
2375,0
2375.1,0
2375.2,0
2375.3,0
2375.4,0
2375.5,0
2375.6,0
2375.7,0
2375.8,1
2375.9,1
2376,1
2376.1,1
2376.2,1
2376.3,1
2376.4,1
2376.5,1
2376.6,1
2376.7,1
2376.8,1
2376.9,1
2377,1
2377.1,1
2377.2,1
2377.3,1
2377.4,1
2377.5,1
2377.6,1
2377.7,1
2377.8,1
2377.9,1
2378,1
2378.1,1
2378.2,1
2378.3,1
2378.4,1
2378.5,1
2378.6,1
2378.7,1
2378.8,1
2378.9,1
2379,1
2379.1,1
2379.2,1
2379.3,1
2379.4,1
2379.5,1
2379.6,1
2379.7,1
2379.8,1
2379.9,1
2380,1
2380.1,1
2380.2,1
2380.3,1
2380.4,1
2380.5,1
2380.6,1
2380.7,1
2380.8,1
2380.9,1
2381,1
2381.1,1
2381.2,1
2381.3,1
2381.4,1
2381.5,1
2381.6,1
2381.7,1
2381.8,1
2381.9,1
2382,1
2382.1,1
2382.2,1
2382.3,1
2382.4,1
2382.5,1
2382.6,1
2382.7,1
2382.8,1
2382.9,1
2383,1
2383.1,1
2383.2,1
2383.3,1
2383.4,1
2383.5,1
2383.6,1
2383.7,1
2383.8,1
2383.9,1
2384,1
2384.1,1
2384.2,1
2384.3,1
2384.4,1
2384.5,1
2384.6,1
2384.7,1
2384.8,1
2384.9,1
2385,1
2385.1,1
2385.2,1
2385.3,1
2385.4,1
2385.5,1
2385.6,1
2385.7,1
2385.8,1
2385.9,1
2386,1
2386.1,1
2386.2,1
2386.3,1
2386.4,1
2386.5,1
2386.6,1
2386.7,1
2386.8,1
2386.9,1
2387,1
2387.1,1
2387.2,1
2387.3,1
2387.4,1
2387.5,1
2387.6,1
2387.7,1
2387.8,1
2387.9,1
2388,1
2388.1,1
2388.2,1
2388.3,1
2388.4,1
2388.5,1
2388.6,1
2388.7,1
2388.8,1
2388.9,1
2389,1
2389.1,1
2389.2,1
2389.3,1
2389.4,1
2389.5,1
2389.6,1
2389.7,1
2389.8,1
2389.9,0
2390,0
2390.1,0
2390.2,0
2390.3,0
2390.4,0
2390.5,0
2390.6,0
2390.7,0
2390.8,0
2390.9,0
2391,0
2391.1,0
2391.2,0
2391.3,0
2391.4,0
2391.5,0
2391.6,0
2391.7,0
2391.8,0
2391.9,0
2392,0
2392.1,0
2392.2,0
2392.3,0
2392.4,0
2392.5,0
2392.6,0
2392.7,0
2392.8,0
2392.9,0
2393,0
2393.1,0
2393.2,0
2393.3,0
2393.4,0
2393.5,0
2393.6,0
2393.7,0
2393.8,0
2393.9,0
2394,0
2394.1,0
2394.2,0
2394.3,0
2394.4,0
2394.5,0
2394.6,0
2394.7,0
2394.8,0
2394.9,0
2395,0
2395.1,0
2395.2,0
2395.3,0
2395.4,0
2395.5,0
2395.6,0
2395.7,0
2395.8,0
2395.9,0
2396,0
2396.1,0
2396.2,0
2396.3,0
2396.4,0
2396.5,0
2396.6,0
2396.7,0
2396.8,0
2396.9,0
2397,0
2397.1,0
2397.2,0
2397.3,0
2397.4,0
2397.5,0
2397.6,0
2397.7,-1
2397.8,-1
2397.9,-1
2398,-1
2398.1,-1
2398.2,-1
2398.3,-1
2398.4,-1
2398.5,-1
2398.6,-1
2398.7,-1
2398.8,-1
2398.9,-1
2399,-1
2399.1,-1
2399.2,-1
2399.3,-1
2399.4,-1
2399.5,-1
2399.6,-1
2399.7,-1
2399.8,-1
2399.9,-1
2400,-1
2400.1,-1
2400.2,-1
2400.3,-1
2400.4,-1
2400.5,-1
2400.6,1
2400.7,1
2400.8,1
2400.9,1
2401,1
2401.1,1
2401.2,1
2401.3,1
2401.4,1
2401.5,1
2401.6,1
2401.7,1
2401.8,1
2401.9,1
2402,1
2402.1,1
2402.2,0
2402.3,0
2402.4,0
2402.5,0
2402.6,0
2402.7,0
2402.8,0
2402.9,0
2403,0
2403.1,0
2403.2,0
2403.3,0
2403.4,0
2403.5,0
2403.6,0
2403.7,0
2403.8,0
2403.9,0
2404,0
2404.1,0
2404.2,0
2404.3,0
2404.4,0
2404.5,0
2404.6,0
2404.7,0
2404.8,0
2404.9,0
2405,0
2405.1,0
2405.2,0
2405.3,0
2405.4,0
2405.5,0
2405.6,0
2405.7,0
2405.8,0
2405.9,0
2406,0
2406.1,0
2406.2,0
2406.3,0
2406.4,0
2406.5,0
2406.6,0
2406.7,0
2406.8,0
2406.9,0
2407,0
2407.1,0
2407.2,0
2407.3,0
2407.4,0
2407.5,1
2407.6,1
2407.7,1
2407.8,1
2407.9,1
2408,1
2408.1,1
2408.2,1
2408.3,1
2408.4,1
2408.5,1
2408.6,1
2408.7,1
2408.8,1
2408.9,1
2409,1
2409.1,1
2409.2,1
2409.3,1
2409.4,1
2409.5,1
2409.6,1
2409.7,1
2409.8,1
2409.9,1
2410,1
2410.1,1
2410.2,1
2410.3,1
2410.4,1
2410.5,1
2410.6,1
2410.7,1
2410.8,1
2410.9,1
2411,1
2411.1,1
2411.2,1
2411.3,1
2411.4,1
2411.5,1
2411.6,1
2411.7,1
2411.8,1
2411.9,1
2412,1
2412.1,1
2412.2,1
2412.3,1
2412.4,1
2412.5,1
2412.6,1
2412.7,1
2412.8,1
2412.9,1
2413,1
2413.1,1
2413.2,1
2413.3,0
2413.4,0
2413.5,0
2413.6,0
2413.7,0
2413.8,0
2413.9,0
2414,0
2414.1,0
2414.2,0
2414.3,0
2414.4,0
2414.5,0
2414.6,0
2414.7,0
2414.8,0
2414.9,0
2415,0
2415.1,0
2415.2,0
2415.3,0
2415.4,0
2415.5,0
2415.6,0
2415.7,0
2415.8,0
2415.9,0
2416,0
2416.1,0
2416.2,0
2416.3,0
2416.4,0
2416.5,0
2416.6,0
2416.7,0
2416.8,0
2416.9,0
2417,0
2417.1,0
2417.2,0
2417.3,0
2417.4,0
2417.5,0
2417.6,0
2417.7,0
2417.8,0
2417.9,0
2418,0
2418.1,0
2418.2,0
2418.3,0
2418.4,0
2418.5,0
2418.6,0
2418.7,0
2418.8,0
2418.9,0
2419,0
2419.1,0
2419.2,0
2419.3,0
2419.4,0
2419.5,0
2419.6,0
2419.7,0
2419.8,0
2419.9,0
2420,0
2420.1,0
2420.2,0
2420.3,0
2420.4,0
2420.5,0
2420.6,0
2420.7,0
2420.8,0
2420.9,0
2421,0
2421.1,0
2421.2,0
2421.3,0
2421.4,0
2421.5,0
2421.6,0
2421.7,1
2421.8,1
2421.9,1
2422,1
2422.1,1
2422.2,1
2422.3,1
2422.4,1
2422.5,1
2422.6,1
2422.7,1
2422.8,1
2422.9,1
2423,1
2423.1,1
2423.2,1
2423.3,1
2423.4,0
2423.5,0
2423.6,0
2423.7,0
2423.8,0
2423.9,0
2424,0
2424.1,0
2424.2,0
2424.3,0
2424.4,0
2424.5,0
2424.6,0
2424.7,0
2424.8,0
2424.9,0
2425,0
2425.1,0
2425.2,0
2425.3,0
2425.4,0
2425.5,0
2425.6,0
2425.7,0
2425.8,0
2425.9,0
2426,0
2426.1,0
2426.2,0
2426.3,0
2426.4,0
2426.5,0
2426.6,0
2426.7,0
2426.8,0
2426.9,0
2427,0
2427.1,0
2427.2,0
2427.3,0
2427.4,0
2427.5,0
2427.6,0
2427.7,0
2427.8,0
2427.9,0
2428,0
2428.1,0
2428.2,0
2428.3,0
2428.4,0
2428.5,0
2428.6,0
2428.7,0
2428.8,0
2428.9,0
2429,0
2429.1,0
2429.2,0
2429.3,0
2429.4,0
2429.5,0
2429.6,0
2429.7,0
2429.8,0
2429.9,0
2430,0
2430.1,0
2430.2,0
2430.3,0
2430.4,0
2430.5,0
2430.6,0
2430.7,0
2430.8,0
2430.9,0
2431,0
2431.1,0
2431.2,0
2431.3,0
2431.4,0
2431.5,0
2431.6,0
2431.7,0
2431.8,0
2431.9,0
2432,0
2432.1,0
2432.2,0
2432.3,0
2432.4,0
2432.5,0
2432.6,0
2432.7,0
2432.8,0
2432.9,0
2433,0
2433.1,0
2433.2,0
2433.3,0
2433.4,0
2433.5,0
2433.6,0
2433.7,0
2433.8,0
2433.9,0
2434,0
2434.1,0
2434.2,1
2434.3,1
2434.4,1
2434.5,1
2434.6,1
2434.7,1
2434.8,1
2434.9,1
2435,1
2435.1,1
2435.2,1
2435.3,1
2435.4,1
2435.5,1
2435.6,1
2435.7,1
2435.8,1
2435.9,1
2436,1
2436.1,1
2436.2,1
2436.3,1
2436.4,1
2436.5,1
2436.6,1
2436.7,1
2436.8,1
2436.9,1
2437,1
2437.1,1
2437.2,1
2437.3,1
2437.4,1
2437.5,1
2437.6,1
2437.7,1
2437.8,1
2437.9,1
2438,1
2438.1,1
2438.2,1
2438.3,1
2438.4,1
2438.5,1
2438.6,1
2438.7,1
2438.8,1
2438.9,1
2439,1
2439.1,1
2439.2,1
2439.3,1
2439.4,1
2439.5,1
2439.6,1
2439.7,1
2439.8,1
2439.9,1
2440,1
2440.1,1
2440.2,1
2440.3,1
2440.4,1
2440.5,1
2440.6,1
2440.7,1
2440.8,1
2440.9,1
2441,1
2441.1,1
2441.2,1
2441.3,1
2441.4,1
2441.5,1
2441.6,1
2441.7,1
2441.8,1
2441.9,1
2442,1
2442.1,1
2442.2,1
2442.3,1
2442.4,1
2442.5,1
2442.6,1
2442.7,1
2442.8,1
2442.9,1
2443,1
2443.1,1
2443.2,1
2443.3,1
2443.4,1
2443.5,1
2443.6,1
2443.7,1
2443.8,1
2443.9,1
2444,1
2444.1,1
2444.2,1
2444.3,1
2444.4,1
2444.5,1
2444.6,1
2444.7,1
2444.8,1
2444.9,1
2445,1
2445.1,1
2445.2,1
2445.3,1
2445.4,1
2445.5,1
2445.6,1
2445.7,1
2445.8,1
2445.9,1
2446,1
2446.1,1
2446.2,1
2446.3,1
2446.4,1
2446.5,1
2446.6,1
2446.7,1
2446.8,1
2446.9,1
2447,1
2447.1,1
2447.2,1
2447.3,1
2447.4,1
2447.5,1
2447.6,1
2447.7,1
2447.8,1
2447.9,1
2448,1
2448.1,1
2448.2,1
2448.3,0
2448.4,0
2448.5,0
2448.6,0
2448.7,0
2448.8,0
2448.9,0
2449,0
2449.1,0
2449.2,0
2449.3,0
2449.4,0
2449.5,0
2449.6,0
2449.7,0
2449.8,0
2449.9,0
2450,0
2450.1,0
2450.2,0
2450.3,0
2450.4,0
2450.5,0
2450.6,0
2450.7,0
2450.8,0
2450.9,0
2451,0
2451.1,0
2451.2,0
2451.3,0
2451.4,0
2451.5,0
2451.6,0
2451.7,0
2451.8,0
2451.9,0
2452,0
2452.1,0
2452.2,0
2452.3,0
2452.4,0
2452.5,0
2452.6,0
2452.7,0
2452.8,0
2452.9,0
2453,0
2453.1,0
2453.2,0
2453.3,0
2453.4,0
2453.5,0
2453.6,0
2453.7,0
2453.8,0
2453.9,0
2454,0
2454.1,0
2454.2,0
2454.3,0
2454.4,0
2454.5,0
2454.6,0
2454.7,0
2454.8,0
2454.9,0
2455,0
2455.1,0
2455.2,0
2455.3,0
2455.4,0
2455.5,0
2455.6,1
2455.7,1
2455.8,1
2455.9,1
2456,1
2456.1,1
2456.2,1
2456.3,1
2456.4,1
2456.5,1
2456.6,1
2456.7,1
2456.8,1
2456.9,1
2457,1
2457.1,1
2457.2,1
2457.3,1
2457.4,1
2457.5,1
2457.6,1
2457.7,1
2457.8,1
2457.9,1
2458,1
2458.1,1
2458.2,1
2458.3,1
2458.4,1
2458.5,1
2458.6,1
2458.7,1
2458.8,1
2458.9,1
2459,1
2459.1,1
2459.2,1
2459.3,1
2459.4,1
2459.5,1
2459.6,1
2459.7,1
2459.8,1
2459.9,1
2460,1
2460.1,1
2460.2,1
2460.3,1
2460.4,1
2460.5,1
2460.6,1
2460.7,1
2460.8,1
2460.9,1
2461,1
2461.1,1
2461.2,1
2461.3,1
2461.4,1
2461.5,1
2461.6,1
2461.7,1
2461.8,1
2461.9,1
2462,1
2462.1,1
2462.2,1
2462.3,1
2462.4,1
2462.5,1
2462.6,1
2462.7,1
2462.8,1
2462.9,1
2463,1
2463.1,1
2463.2,1
2463.3,1
2463.4,1
2463.5,1
2463.6,1
2463.7,1
2463.8,1
2463.9,1
2464,1
2464.1,1
2464.2,1
2464.3,1
2464.4,1
2464.5,1
2464.6,1
2464.7,1
2464.8,1
2464.9,1
2465,1
2465.1,1
2465.2,1
2465.3,1
2465.4,1
2465.5,1
2465.6,1
2465.7,1
2465.8,1
2465.9,1
2466,1
2466.1,1
2466.2,1
2466.3,1
2466.4,1
2466.5,1
2466.6,1
2466.7,1
2466.8,1
2466.9,1
2467,1
2467.1,1
2467.2,1
2467.3,1
2467.4,1
2467.5,1
2467.6,1
2467.7,1
2467.8,1
2467.9,1
2468,1
2468.1,1
2468.2,1
2468.3,1
2468.4,1
2468.5,1
2468.6,1
2468.7,1
2468.8,1
2468.9,1
2469,1
2469.1,1
2469.2,1
2469.3,1
2469.4,1
2469.5,1
2469.6,1
2469.7,1
2469.8,1
2469.9,1
2470,1
2470.1,1
2470.2,1
2470.3,1
2470.4,1
2470.5,1
2470.6,1
2470.7,1
2470.8,1
2470.9,1
2471,1
2471.1,1
2471.2,1
2471.3,1
2471.4,1
2471.5,1
2471.6,1
2471.7,1
2471.8,1
2471.9,1
2472,1
2472.1,1
2472.2,1
2472.3,1
2472.4,1
2472.5,1
2472.6,1
2472.7,1
2472.8,1
2472.9,1
2473,1
2473.1,1
2473.2,1
2473.3,1
2473.4,1
2473.5,1
2473.6,1
2473.7,1
2473.8,1
2473.9,1
2474,1
2474.1,1
2474.2,1
2474.3,1
2474.4,1
2474.5,1
2474.6,1
2474.7,1
2474.8,1
2474.9,1
2475,1
2475.1,1
2475.2,1
2475.3,1
2475.4,1
2475.5,1
2475.6,1
2475.7,1
2475.8,1
2475.9,1
2476,1
2476.1,1
2476.2,1
2476.3,1
2476.4,1
2476.5,1
2476.6,1
2476.7,1
2476.8,1
2476.9,1
2477,1
2477.1,1
2477.2,1
2477.3,1
2477.4,1
2477.5,1
2477.6,1
2477.7,1
2477.8,1
2477.9,1
2478,1
2478.1,1
2478.2,1
2478.3,1
2478.4,1
2478.5,1
2478.6,1
2478.7,1
2478.8,1
2478.9,1
2479,1
2479.1,1
2479.2,1
2479.3,1
2479.4,1
2479.5,1
2479.6,1
2479.7,1
2479.8,1
2479.9,1
2480,1
2480.1,1
2480.2,1
2480.3,1
2480.4,1
2480.5,1
2480.6,1
2480.7,1
2480.8,1
2480.9,1
2481,1
2481.1,1
2481.2,1
2481.3,1
2481.4,1
2481.5,1
2481.6,1
2481.7,1
2481.8,1
2481.9,1
2482,1
2482.1,1
2482.2,1
2482.3,1
2482.4,1
2482.5,1
2482.6,1
2482.7,1
2482.8,1
2482.9,1
2483,1
2483.1,1
2483.2,1
2483.3,1
2483.4,1
2483.5,1
2483.6,1
2483.7,1
2483.8,0
2483.9,0
2484,0
2484.1,0
2484.2,0
2484.3,0
2484.4,0
2484.5,0
2484.6,0
2484.7,0
2484.8,0
2484.9,0
2485,0
2485.1,0
2485.2,0
2485.3,0
2485.4,0
2485.5,0
2485.6,0
2485.7,0
2485.8,0
2485.9,0
2486,0
2486.1,0
2486.2,0
2486.3,0
2486.4,0
2486.5,0
2486.6,0
2486.7,0
2486.8,0
2486.9,0
2487,0
2487.1,0
2487.2,0
2487.3,0
2487.4,0
2487.5,0
2487.6,0
2487.7,0
2487.8,0
2487.9,0
2488,0
2488.1,0
2488.2,0
2488.3,0
2488.4,0
2488.5,0
2488.6,0
2488.7,0
2488.8,0
2488.9,1
2489,1
2489.1,1
2489.2,1
2489.3,1
2489.4,1
2489.5,1
2489.6,1
2489.7,1
2489.8,1
2489.9,1
2490,1
2490.1,1
2490.2,1
2490.3,1
2490.4,1
2490.5,1
2490.6,1
2490.7,1
2490.8,1
2490.9,1
2491,1
2491.1,1
2491.2,1
2491.3,1
2491.4,1
2491.5,1
2491.6,1
2491.7,1
2491.8,1
2491.9,1
2492,1
2492.1,1
2492.2,1
2492.3,0
2492.4,0
2492.5,0
2492.6,0
2492.7,0
2492.8,0
2492.9,0
2493,0
2493.1,0
2493.2,0
2493.3,0
2493.4,0
2493.5,0
2493.6,0
2493.7,0
2493.8,0
2493.9,0
2494,0
2494.1,0
2494.2,0
2494.3,0
2494.4,0
2494.5,0
2494.6,0
2494.7,0
2494.8,0
2494.9,0
2495,0
2495.1,0
2495.2,0
2495.3,1
2495.4,1
2495.5,1
2495.6,1
2495.7,1
2495.8,1
2495.9,1
2496,1
2496.1,1
2496.2,1
2496.3,1
2496.4,1
2496.5,1
2496.6,1
2496.7,1
2496.8,1
2496.9,1
2497,1
2497.1,1
2497.2,1
2497.3,1
2497.4,1
2497.5,1
2497.6,1
2497.7,1
2497.8,1
2497.9,1
2498,1
2498.1,1
2498.2,1
2498.3,1
2498.4,1
2498.5,1
2498.6,1
2498.7,1
2498.8,1
2498.9,1
2499,1
2499.1,1
2499.2,1
2499.3,1
2499.4,1
2499.5,1
2499.6,1
2499.7,1
2499.8,1
2499.9,1
2500,1
2500.1,1
2500.2,1
2500.3,1
2500.4,1
2500.5,1
2500.6,1
2500.7,1
2500.8,1
2500.9,1
2501,1
2501.1,1
2501.2,1
2501.3,1
2501.4,1
2501.5,1
2501.6,1
2501.7,1
2501.8,1
2501.9,1
2502,1
2502.1,1
2502.2,1
2502.3,1
2502.4,1
2502.5,1
2502.6,1
2502.7,1
2502.8,1
2502.9,1
2503,1
2503.1,1
2503.2,1
2503.3,1
2503.4,1
2503.5,1
2503.6,1
2503.7,1
2503.8,1
2503.9,1
2504,1
2504.1,1
2504.2,1
2504.3,1
2504.4,1
2504.5,1
2504.6,1
2504.7,1
2504.8,1
2504.9,1
2505,1
2505.1,1
2505.2,1
2505.3,1
2505.4,1
2505.5,1
2505.6,1
2505.7,1
2505.8,0
2505.9,0
2506,0
2506.1,0
2506.2,0
2506.3,0
2506.4,0
2506.5,0
2506.6,0
2506.7,0
2506.8,0
2506.9,0
2507,0
2507.1,0
2507.2,0
2507.3,0
2507.4,0
2507.5,0
2507.6,0
2507.7,0
2507.8,0
2507.9,0
2508,0
2508.1,0
2508.2,0
2508.3,0
2508.4,0
2508.5,0
2508.6,0
2508.7,1
2508.8,1
2508.9,1
2509,1
2509.1,1
2509.2,1
2509.3,1
2509.4,1
2509.5,1
2509.6,1
2509.7,1
2509.8,1
2509.9,1
2510,1
2510.1,1
2510.2,1
2510.3,1
2510.4,1
2510.5,1
2510.6,1
2510.7,1
2510.8,1
2510.9,1
2511,1
2511.1,1
2511.2,1
2511.3,1
2511.4,1
2511.5,1
2511.6,1
2511.7,1
2511.8,1
2511.9,1
2512,1
2512.1,1
2512.2,1
2512.3,1
2512.4,1
2512.5,1
2512.6,1
2512.7,1
2512.8,1
2512.9,1
2513,1
2513.1,1
2513.2,1
2513.3,1
2513.4,1
2513.5,1
2513.6,1
2513.7,1
2513.8,1
2513.9,1
2514,1
2514.1,1
2514.2,1
2514.3,1
2514.4,1
2514.5,1
2514.6,1
2514.7,1
2514.8,1
2514.9,1
2515,1
2515.1,1
2515.2,1
2515.3,1
2515.4,1
2515.5,1
2515.6,1
2515.7,1
2515.8,1
2515.9,1
2516,1
2516.1,1
2516.2,1
2516.3,1
2516.4,1
2516.5,1
2516.6,1
2516.7,1
2516.8,1
2516.9,1
2517,1
2517.1,1
2517.2,1
2517.3,1
2517.4,1
2517.5,1
2517.6,1
2517.7,1
2517.8,1
2517.9,1
2518,1
2518.1,1
2518.2,1
2518.3,1
2518.4,1
2518.5,1
2518.6,1
2518.7,1
2518.8,1
2518.9,1
2519,1
2519.1,1
2519.2,1
2519.3,1
2519.4,1
2519.5,1
2519.6,1
2519.7,1
2519.8,1
2519.9,1
2520,1
2520.1,1
2520.2,1
2520.3,1
2520.4,1
2520.5,1
2520.6,1
2520.7,1
2520.8,1
2520.9,1
2521,1
2521.1,1
2521.2,1
2521.3,1
2521.4,0
2521.5,0
2521.6,0
2521.7,0
2521.8,0
2521.9,0
2522,0
2522.1,0
2522.2,0
2522.3,0
2522.4,-1
2522.5,-1
2522.6,-1
2522.7,-1
2522.8,-1
2522.9,-1
2523,-1
2523.1,-1
2523.2,-1
2523.3,-1
2523.4,-1
2523.5,-1
2523.6,0
2523.7,0
2523.8,0
2523.9,0
2524,0
2524.1,0
2524.2,0
2524.3,0
2524.4,0
2524.5,0
2524.6,0
2524.7,0
2524.8,0
2524.9,0
2525,1
2525.1,1
2525.2,1
2525.3,1
2525.4,1
2525.5,1
2525.6,1
2525.7,1
2525.8,1
2525.9,1
2526,1
2526.1,1
2526.2,1
2526.3,1
2526.4,1
2526.5,1
2526.6,1
2526.7,1
2526.8,1
2526.9,1
2527,1
2527.1,1
2527.2,1
2527.3,1
2527.4,1
2527.5,1
2527.6,1
2527.7,1
2527.8,1
2527.9,1
2528,1
2528.1,1
2528.2,1
2528.3,1
2528.4,1
2528.5,1
2528.6,1
2528.7,1
2528.8,1
2528.9,1
2529,1
2529.1,1
2529.2,1
2529.3,1
2529.4,1
2529.5,1
2529.6,1
2529.7,1
2529.8,1
2529.9,1
2530,1
2530.1,1
2530.2,1
2530.3,1
2530.4,1
2530.5,1
2530.6,1
2530.7,1
2530.8,1
2530.9,1
2531,1
2531.1,1
2531.2,1
2531.3,1
2531.4,1
2531.5,1
2531.6,1
2531.7,1
2531.8,1
2531.9,1
2532,1
2532.1,1
2532.2,1
2532.3,1
2532.4,1
2532.5,1
2532.6,1
2532.7,1
2532.8,1
2532.9,1
2533,1
2533.1,1
2533.2,1
2533.3,1
2533.4,1
2533.5,1
2533.6,1
2533.7,1
2533.8,1
2533.9,1
2534,1
2534.1,1
2534.2,1
2534.3,1
2534.4,1
2534.5,1
2534.6,1
2534.7,1
2534.8,1
2534.9,1
2535,1
2535.1,1
2535.2,1
2535.3,1
2535.4,1
2535.5,1
2535.6,1
2535.7,1
2535.8,1
2535.9,1
2536,1
2536.1,1
2536.2,1
2536.3,1
2536.4,1
2536.5,0
2536.6,0
2536.7,0
2536.8,0
2536.9,0
2537,0
2537.1,0
2537.2,0
2537.3,0
2537.4,0
2537.5,0
2537.6,0
2537.7,0
2537.8,0
2537.9,0
2538,0
2538.1,0
2538.2,0
2538.3,0
2538.4,0
2538.5,0
2538.6,0
2538.7,1
2538.8,1
2538.9,1
2539,1
2539.1,1
2539.2,1
2539.3,1
2539.4,1
2539.5,1
2539.6,1
2539.7,1
2539.8,1
2539.9,1
2540,1
2540.1,1
2540.2,1
2540.3,1
2540.4,1
2540.5,0
2540.6,0
2540.7,0
2540.8,0
2540.9,0
2541,0
2541.1,0
2541.2,0
2541.3,0
2541.4,0
2541.5,0
2541.6,0
2541.7,0
2541.8,0
2541.9,0
2542,0
2542.1,0
2542.2,0
2542.3,0
2542.4,0
2542.5,0
2542.6,0
2542.7,0
2542.8,0
2542.9,0
2543,0
2543.1,0
2543.2,0
2543.3,0
2543.4,0
2543.5,0
2543.6,0
2543.7,0
2543.8,0
2543.9,0
2544,0
2544.1,0
2544.2,0
2544.3,0
2544.4,0
2544.5,2
2544.6,2
2544.7,2
2544.8,2
2544.9,2
2545,2
2545.1,2
2545.2,1
2545.3,1
2545.4,1
2545.5,1
2545.6,1
2545.7,1
2545.8,1
2545.9,1
2546,1
2546.1,1
2546.2,1
2546.3,1
2546.4,1
2546.5,1
2546.6,1
2546.7,1
2546.8,1
2546.9,1
2547,1
2547.1,1
2547.2,1
2547.3,1
2547.4,1
2547.5,1
2547.6,1
2547.7,1
2547.8,1
2547.9,1
2548,1
2548.1,1
2548.2,1
2548.3,1
2548.4,1
2548.5,1
2548.6,1
2548.7,1
2548.8,1
2548.9,1
2549,1
2549.1,1
2549.2,1
2549.3,1
2549.4,1
2549.5,1
2549.6,1
2549.7,1
2549.8,1
2549.9,1
2550,1
2550.1,1
2550.2,1
2550.3,1
2550.4,1
2550.5,1
2550.6,1
2550.7,1
2550.8,1
2550.9,1
2551,1
2551.1,1
2551.2,1
2551.3,1
2551.4,1
2551.5,1
2551.6,1
2551.7,1
2551.8,1
2551.9,1
2552,1
2552.1,1
2552.2,1
2552.3,1
2552.4,1
2552.5,1
2552.6,1
2552.7,1
2552.8,1
2552.9,1
2553,1
2553.1,1
2553.2,1
2553.3,1
2553.4,1
2553.5,1
2553.6,1
2553.7,1
2553.8,1
2553.9,1
2554,1
2554.1,1
2554.2,1
2554.3,1
2554.4,1
2554.5,1
2554.6,1
2554.7,1
2554.8,1
2554.9,1
2555,1
2555.1,1
2555.2,1
2555.3,1
2555.4,1
2555.5,1
2555.6,1
2555.7,1
2555.8,1
2555.9,1
2556,1
2556.1,1
2556.2,1
2556.3,1
2556.4,1
2556.5,1
2556.6,1
2556.7,1
2556.8,1
2556.9,1
2557,1
2557.1,1
2557.2,1
2557.3,1
2557.4,1
2557.5,1
2557.6,1
2557.7,1
2557.8,1
2557.9,1
2558,1
2558.1,1
2558.2,1
2558.3,1
2558.4,1
2558.5,1
2558.6,1
2558.7,1
2558.8,1
2558.9,1
2559,1
2559.1,1
2559.2,1
2559.3,1
2559.4,1
2559.5,1
2559.6,1
2559.7,1
2559.8,1
2559.9,1
2560,1
2560.1,1
2560.2,1
2560.3,1
2560.4,1
2560.5,1
2560.6,1
2560.7,1
2560.8,1
2560.9,1
2561,1
2561.1,1
2561.2,1
2561.3,1
2561.4,1
2561.5,1
2561.6,1
2561.7,1
2561.8,1
2561.9,1
2562,1
2562.1,1
2562.2,1
2562.3,1
2562.4,1
2562.5,1
2562.6,1
2562.7,1
2562.8,1
2562.9,1
2563,1
2563.1,1
2563.2,1
2563.3,1
2563.4,1
2563.5,1
2563.6,1
2563.7,1
2563.8,1
2563.9,1
2564,1
2564.1,1
2564.2,1
2564.3,1
2564.4,1
2564.5,1
2564.6,1
2564.7,1
2564.8,1
2564.9,1
2565,1
2565.1,1
2565.2,1
2565.3,1
2565.4,1
2565.5,1
2565.6,1
2565.7,1
2565.8,1
2565.9,1
2566,1
2566.1,1
2566.2,1
2566.3,1
2566.4,1
2566.5,1
2566.6,1
2566.7,1
2566.8,1
2566.9,1
2567,1
2567.1,1
2567.2,1
2567.3,1
2567.4,1
2567.5,1
2567.6,-1
2567.7,-1
2567.8,-1
2567.9,-1
2568,-1
2568.1,-1
2568.2,-1
2568.3,-1
2568.4,-1
2568.5,-1
2568.6,-1
2568.7,-1
2568.8,-1
2568.9,-1
2569,-1
2569.1,-1
2569.2,-1
2569.3,-1
2569.4,-1
2569.5,-1
2569.6,-1
2569.7,-1
2569.8,-1
2569.9,-1
2570,-1
2570.1,-1
2570.2,-1
2570.3,-1
2570.4,-1
2570.5,-1
2570.6,-1
2570.7,-1
2570.8,-1
2570.9,-1
2571,-1
2571.1,-1
2571.2,-1
2571.3,-1
2571.4,-1
2571.5,-1
2571.6,-1
2571.7,-1
2571.8,-1
2571.9,-1
2572,-1
2572.1,-1
2572.2,-1
2572.3,-1
2572.4,-1
2572.5,-1
2572.6,-1
2572.7,-1
2572.8,-1
2572.9,-1
2573,-1
2573.1,-1
2573.2,-1
2573.3,1
2573.4,1
2573.5,1
2573.6,1
2573.7,1
2573.8,1
2573.9,1
2574,1
2574.1,1
2574.2,1
2574.3,1
2574.4,1
2574.5,1
2574.6,1
2574.7,1
2574.8,1
2574.9,1
2575,1
2575.1,1
2575.2,1
2575.3,1
2575.4,1
2575.5,1
2575.6,1
2575.7,1
2575.8,1
2575.9,1
2576,1
2576.1,1
2576.2,1
2576.3,1
2576.4,1
2576.5,1
2576.6,1
2576.7,1
2576.8,1
2576.9,1
2577,-1
2577.1,-1
2577.2,-1
2577.3,-1
2577.4,-1
2577.5,-1
2577.6,-1
2577.7,-1
2577.8,-1
2577.9,-1
2578,-1
2578.1,-1
2578.2,-1
2578.3,-1
2578.4,-1
2578.5,-1
2578.6,-1
2578.7,-1
2578.8,-1
2578.9,-1
2579,-1
2579.1,-1
2579.2,-1
2579.3,-1
2579.4,-1
2579.5,-1
2579.6,-1
2579.7,-1
2579.8,-1
2579.9,-1
2580,-1
2580.1,-1
2580.2,-1
2580.3,-1
2580.4,-1
2580.5,-1
2580.6,-1
2580.7,-1
2580.8,-1
2580.9,-1
2581,-1
2581.1,-1
2581.2,-1
2581.3,-1
2581.4,-1
2581.5,-1
2581.6,0
2581.7,0
2581.8,0
2581.9,0
2582,0
2582.1,0
2582.2,0
2582.3,0
2582.4,0
2582.5,1
2582.6,1
2582.7,1
2582.8,1
2582.9,1
2583,1
2583.1,1
2583.2,1
2583.3,1
2583.4,1
2583.5,1
2583.6,1
2583.7,1
2583.8,1
2583.9,1
2584,1
2584.1,1
2584.2,1
2584.3,1
2584.4,1
2584.5,1
2584.6,1
2584.7,1
2584.8,1
2584.9,1
2585,1
2585.1,1
2585.2,1
2585.3,1
2585.4,1
2585.5,1
2585.6,1
2585.7,1
2585.8,1
2585.9,1
2586,1
2586.1,1
2586.2,1
2586.3,1
2586.4,1
2586.5,1
2586.6,1
2586.7,1
2586.8,1
2586.9,1
2587,1
2587.1,1
2587.2,1
2587.3,1
2587.4,1
2587.5,1
2587.6,1
2587.7,1
2587.8,1
2587.9,1
2588,1
2588.1,1
2588.2,1
2588.3,1
2588.4,1
2588.5,1
2588.6,1
2588.7,1
2588.8,1
2588.9,1
2589,1
2589.1,1
2589.2,1
2589.3,1
2589.4,1
2589.5,1
2589.6,1
2589.7,1
2589.8,1
2589.9,1
2590,1
2590.1,1
2590.2,1
2590.3,1
2590.4,1
2590.5,1
2590.6,1
2590.7,1
2590.8,1
2590.9,1
2591,1
2591.1,1
2591.2,1
2591.3,1
2591.4,1
2591.5,1
2591.6,1
2591.7,1
2591.8,1
2591.9,1
2592,1
2592.1,1
2592.2,1
2592.3,1
2592.4,1
2592.5,1
2592.6,1
2592.7,1
2592.8,1
2592.9,1
2593,1
2593.1,1
2593.2,1
2593.3,1
2593.4,1
2593.5,1
2593.6,1
2593.7,1
2593.8,1
2593.9,1
2594,1
2594.1,1
2594.2,1
2594.3,1
2594.4,1
2594.5,1
2594.6,1
2594.7,1
2594.8,1
2594.9,1
2595,1
2595.1,1
2595.2,1
2595.3,1
2595.4,1
2595.5,1
2595.6,1
2595.7,1
2595.8,1
2595.9,1
2596,1
2596.1,1
2596.2,1
2596.3,1
2596.4,1
2596.5,1
2596.6,1
2596.7,1
2596.8,1
2596.9,1
2597,1
2597.1,1
2597.2,1
2597.3,1
2597.4,1
2597.5,1
2597.6,1
2597.7,1
2597.8,1
2597.9,1
2598,1
2598.1,1
2598.2,1
2598.3,1
2598.4,1
2598.5,1
2598.6,1
2598.7,1
2598.8,1
2598.9,1
2599,1
2599.1,1
2599.2,1
2599.3,1
2599.4,1
2599.5,1
2599.6,1
2599.7,1
2599.8,1
2599.9,1
2600,1
2600.1,1
2600.2,1
2600.3,1
2600.4,0
2600.5,0
2600.6,0
2600.7,0
2600.8,0
2600.9,0
2601,0
2601.1,0
2601.2,0
2601.3,1
2601.4,1
2601.5,1
2601.6,1
2601.7,1
2601.8,1
2601.9,1
2602,1
2602.1,0
2602.2,0
2602.3,0
2602.4,0
2602.5,0
2602.6,0
2602.7,0
2602.8,0
2602.9,0
2603,0
2603.1,0
2603.2,0
2603.3,0
2603.4,0
2603.5,0
2603.6,0
2603.7,0
2603.8,0
2603.9,0
2604,0
2604.1,0
2604.2,0
2604.3,0
2604.4,0
2604.5,0
2604.6,0
2604.7,0
2604.8,0
2604.9,0
2605,0
2605.1,0
2605.2,0
2605.3,0
2605.4,0
2605.5,0
2605.6,0
2605.7,0
2605.8,0
2605.9,0
2606,0
2606.1,0
2606.2,0
2606.3,0
2606.4,0
2606.5,0
2606.6,0
2606.7,0
2606.8,0
2606.9,0
2607,0
2607.1,0
2607.2,0
2607.3,0
2607.4,0
2607.5,0
2607.6,0
2607.7,0
2607.8,0
2607.9,0
2608,0
2608.1,0
2608.2,0
2608.3,0
2608.4,0
2608.5,0
2608.6,0
2608.7,0
2608.8,0
2608.9,0
2609,0
2609.1,0
2609.2,0
2609.3,0
2609.4,0
2609.5,0
2609.6,0
2609.7,0
2609.8,0
2609.9,0
2610,0
2610.1,0
2610.2,0
2610.3,0
2610.4,0
2610.5,0
2610.6,0
2610.7,0
2610.8,0
2610.9,0
2611,0
2611.1,0
2611.2,0
2611.3,0
2611.4,0
2611.5,0
2611.6,0
2611.7,0
2611.8,0
2611.9,0
2612,0
2612.1,0
2612.2,0
2612.3,0
2612.4,0
2612.5,0
2612.6,0
2612.7,0
2612.8,0
2612.9,0
2613,0
2613.1,0
2613.2,0
2613.3,0
2613.4,0
2613.5,0
2613.6,0
2613.7,0
2613.8,1
2613.9,1
2614,1
2614.1,1
2614.2,1
2614.3,1
2614.4,1
2614.5,1
2614.6,1
2614.7,1
2614.8,1
2614.9,1
2615,1
2615.1,1
2615.2,1
2615.3,1
2615.4,1
2615.5,1
2615.6,1
2615.7,1
2615.8,1
2615.9,1
2616,1
2616.1,1
2616.2,1
2616.3,1
2616.4,1
2616.5,1
2616.6,1
2616.7,1
2616.8,1
2616.9,1
2617,1
2617.1,1
2617.2,1
2617.3,1
2617.4,1
2617.5,1
2617.6,1
2617.7,1
2617.8,1
2617.9,1
2618,1
2618.1,1
2618.2,1
2618.3,1
2618.4,1
2618.5,1
2618.6,1
2618.7,1
2618.8,1
2618.9,1
2619,1
2619.1,1
2619.2,1
2619.3,1
2619.4,1
2619.5,1
2619.6,1
2619.7,1
2619.8,1
2619.9,1
2620,1
2620.1,1
2620.2,1
2620.3,1
2620.4,1
2620.5,1
2620.6,1
2620.7,1
2620.8,1
2620.9,1
2621,1
2621.1,1
2621.2,1
2621.3,1
2621.4,1
2621.5,1
2621.6,1
2621.7,1
2621.8,1
2621.9,1
2622,1
2622.1,1
2622.2,1
2622.3,1
2622.4,1
2622.5,1
2622.6,1
2622.7,1
2622.8,1
2622.9,1
2623,1
2623.1,1
2623.2,1
2623.3,1
2623.4,1
2623.5,1
2623.6,1
2623.7,1
2623.8,1
2623.9,1
2624,1
2624.1,1
2624.2,1
2624.3,1
2624.4,1
2624.5,1
2624.6,1
2624.7,1
2624.8,1
2624.9,1
2625,0
2625.1,0
2625.2,0
2625.3,0
2625.4,0
2625.5,0
2625.6,0
2625.7,0
2625.8,0
2625.9,0
2626,0
2626.1,0
2626.2,0
2626.3,0
2626.4,0
2626.5,0
2626.6,0
2626.7,0
2626.8,0
2626.9,0
2627,0
2627.1,0
2627.2,0
2627.3,0
2627.4,0
2627.5,0
2627.6,0
2627.7,0
2627.8,0
2627.9,0
2628,0
2628.1,0
2628.2,0
2628.3,0
2628.4,0
2628.5,0
2628.6,0
2628.7,0
2628.8,0
2628.9,1
2629,1
2629.1,1
2629.2,1
2629.3,1
2629.4,1
2629.5,1
2629.6,1
2629.7,1
2629.8,1
2629.9,1
2630,1
2630.1,1
2630.2,1
2630.3,1
2630.4,1
2630.5,1
2630.6,1
2630.7,1
2630.8,1
2630.9,1
2631,1
2631.1,1
2631.2,1
2631.3,1
2631.4,1
2631.5,1
2631.6,1
2631.7,1
2631.8,1
2631.9,1
2632,1
2632.1,1
2632.2,1
2632.3,1
2632.4,1
2632.5,1
2632.6,1
2632.7,1
2632.8,1
2632.9,1
2633,1
2633.1,1
2633.2,1
2633.3,1
2633.4,1
2633.5,1
2633.6,1
2633.7,1
2633.8,1
2633.9,1
2634,1
2634.1,1
2634.2,1
2634.3,1
2634.4,1
2634.5,1
2634.6,1
2634.7,1
2634.8,1
2634.9,1
2635,1
2635.1,1
2635.2,1
2635.3,1
2635.4,1
2635.5,1
2635.6,1
2635.7,1
2635.8,1
2635.9,1
2636,1
2636.1,1
2636.2,1
2636.3,1
2636.4,1
2636.5,1
2636.6,1
2636.7,1
2636.8,1
2636.9,1
2637,1
2637.1,1
2637.2,1
2637.3,1
2637.4,1
2637.5,1
2637.6,1
2637.7,1
2637.8,1
2637.9,1
2638,1
2638.1,1
2638.2,1
2638.3,1
2638.4,1
2638.5,1
2638.6,1
2638.7,1
2638.8,1
2638.9,1
2639,1
2639.1,1
2639.2,1
2639.3,1
2639.4,1
2639.5,1
2639.6,1
2639.7,1
2639.8,1
2639.9,1
2640,1
2640.1,1
2640.2,1
2640.3,1
2640.4,1
2640.5,1
2640.6,1
2640.7,1
2640.8,1
2640.9,1
2641,1
2641.1,1
2641.2,1
2641.3,1
2641.4,1
2641.5,1
2641.6,1
2641.7,1
2641.8,1
2641.9,1
2642,1
2642.1,1
2642.2,1
2642.3,1
2642.4,1
2642.5,1
2642.6,1
2642.7,1
2642.8,1
2642.9,1
2643,1
2643.1,1
2643.2,1
2643.3,1
2643.4,1
2643.5,1
2643.6,1
2643.7,1
2643.8,1
2643.9,1
2644,1
2644.1,1
2644.2,0
2644.3,-1
2644.4,-1
2644.5,-1
2644.6,-1
2644.7,-1
2644.8,-1
2644.9,-1
2645,-1
2645.1,-1
2645.2,-1
2645.3,-1
2645.4,0
