3154.5,0
3154.6,0
3154.7,0
3154.8,0
3154.9,0
3155,0
3155.1,0
3155.2,0
3155.3,0
3155.4,0
3155.5,0
3155.6,0
3155.7,0
3155.8,0
3155.9,0
3156,0
3156.1,0
3156.2,0
3156.3,0
3156.4,0
3156.5,0
3156.6,0
3156.7,0
3156.8,0
3156.9,0
3157,0
3157.1,0
3157.2,0
3157.3,0
3157.4,0
3157.5,0
3157.6,0
3157.7,0
3157.8,0
3157.9,0
3158,0
3158.1,0
3158.2,0
3158.3,0
3158.4,0
3158.5,0
3158.6,0
3158.7,0
3158.8,0
3158.9,0
3159,0
3159.1,0
3159.2,0
3159.3,0
3159.4,0
3159.5,0
3159.6,0
3159.7,0
3159.8,0
3159.9,0
3160,0
3160.1,0
3160.2,0
3160.3,0
3160.4,0
3160.5,0
3160.6,0
3160.7,0
3160.8,0
3160.9,0
3161,0
3161.1,0
3161.2,0
3161.3,0
3161.4,0
3161.5,1
3161.6,1
3161.7,1
3161.8,1
3161.9,1
3162,1
3162.1,1
3162.2,1
3162.3,1
3162.4,1
3162.5,1
3162.6,1
3162.7,1
3162.8,1
3162.9,1
3163,1
3163.1,1
3163.2,1
3163.3,1
3163.4,1
3163.5,1
3163.6,1
3163.7,1
3163.8,1
3163.9,1
3164,1
3164.1,1
3164.2,1
3164.3,1
3164.4,1
3164.5,1
3164.6,0
3164.7,0
3164.8,0
3164.9,0
3165,0
3165.1,0
3165.2,0
3165.3,0
3165.4,0
3165.5,0
3165.6,0
3165.7,0
3165.8,0
3165.9,0
3166,0
3166.1,0
3166.2,0
3166.3,0
3166.4,0
3166.5,0
3166.6,0
3166.7,0
3166.8,0
3166.9,0
3167,0
3167.1,0
3167.2,0
3167.3,0
3167.4,0
3167.5,0
3167.6,0
3167.7,0
3167.8,0
3167.9,0
3168,0
3168.1,0
3168.2,0
3168.3,0
3168.4,0
3168.5,0
3168.6,0
3168.7,0
3168.8,0
3168.9,0
3169,0
3169.1,0
3169.2,0
3169.3,0
3169.4,0
3169.5,0
3169.6,0
3169.7,0
3169.8,0
3169.9,0
3170,0
3170.1,0
3170.2,0
3170.3,0
3170.4,0
3170.5,0
3170.6,0
3170.7,0
3170.8,0
3170.9,0
3171,0
3171.1,0
3171.2,0
3171.3,0
3171.4,0
3171.5,0
3171.6,0
3171.7,0
3171.8,0
3171.9,0
3172,0
3172.1,0
3172.2,0
3172.3,0
3172.4,0
3172.5,0
3172.6,0
3172.7,0
3172.8,0
3172.9,0
3173,0
3173.1,0
3173.2,0
3173.3,0
3173.4,0
3173.5,0
3173.6,0
3173.7,0
3173.8,0
3173.9,0
3174,0
3174.1,0
3174.2,0
3174.3,0
3174.4,0
3174.5,0
3174.6,0
3174.7,0
3174.8,0
3174.9,0
3175,0
3175.1,0
3175.2,0
3175.3,0
3175.4,0
3175.5,0
3175.6,0
3175.7,0
3175.8,0
3175.9,0
3176,0
3176.1,0
3176.2,0
3176.3,0
3176.4,0
3176.5,0
3176.6,0
3176.7,0
3176.8,0
3176.9,0
3177,0
3177.1,0
3177.2,0
3177.3,0
3177.4,0
3177.5,0
3177.6,0
3177.7,0
3177.8,0
3177.9,0
3178,0
3178.1,0
3178.2,0
3178.3,0
3178.4,0
3178.5,0
3178.6,0
3178.7,0
3178.8,0
3178.9,0
3179,0
3179.1,0
3179.2,0
3179.3,0
3179.4,0
3179.5,0
3179.6,0
3179.7,0
3179.8,0
3179.9,0
3180,0
3180.1,0
3180.2,0
3180.3,0
3180.4,0
3180.5,0
3180.6,0
3180.7,0
3180.8,0
3180.9,0
3181,0
3181.1,0
3181.2,0
3181.3,0
3181.4,0
3181.5,0
3181.6,0
3181.7,0
3181.8,0
3181.9,0
3182,0
3182.1,0
3182.2,0
3182.3,0
3182.4,0
3182.5,0
3182.6,0
3182.7,0
3182.8,0
3182.9,0
3183,0
3183.1,0
3183.2,0
3183.3,0
3183.4,0
3183.5,0
3183.6,0
3183.7,0
3183.8,0
3183.9,0
3184,0
3184.1,0
3184.2,0
3184.3,0
3184.4,0
3184.5,0
3184.6,0
3184.7,0
3184.8,0
3184.9,0
3185,0
3185.1,0
3185.2,0
3185.3,0
3185.4,0
3185.5,0
3185.6,0
3185.7,0
3185.8,0
3185.9,0
3186,0
3186.1,0
3186.2,0
3186.3,0
3186.4,0
3186.5,0
3186.6,0
3186.7,0
3186.8,0
3186.9,0
3187,0
3187.1,0
3187.2,0
3187.3,0
3187.4,0
3187.5,0
3187.6,0
3187.7,0
3187.8,0
3187.9,0
3188,0
3188.1,0
3188.2,0
3188.3,0
3188.4,0
3188.5,0
3188.6,0
3188.7,0
3188.8,0
3188.9,0
3189,0
3189.1,0
3189.2,0
3189.3,0
3189.4,0
3189.5,0
3189.6,0
3189.7,0
3189.8,0
3189.9,0
3190,0
3190.1,0
3190.2,0
3190.3,0
3190.4,0
3190.5,0
3190.6,0
3190.7,0
3190.8,0
3190.9,0
3191,0
3191.1,0
3191.2,0
3191.3,0
3191.4,0
3191.5,0
3191.6,0
3191.7,0
3191.8,0
3191.9,0
3192,0
3192.1,0
3192.2,0
3192.3,0
3192.4,0
3192.5,0
3192.6,0
3192.7,0
3192.8,0
3192.9,0
3193,0
3193.1,0
3193.2,0
3193.3,0
3193.4,0
3193.5,0
3193.6,0
3193.7,0
3193.8,0
3193.9,0
3194,0
3194.1,0
3194.2,-1
3194.3,-1
3194.4,-1
3194.5,-1
3194.6,-1
3194.7,-1
3194.8,-1
3194.9,-1
3195,-1
3195.1,-1
3195.2,-1
3195.3,-1
3195.4,-1
3195.5,-1
3195.6,-1
3195.7,-1
3195.8,-1
3195.9,-1
3196,-1
3196.1,-1
3196.2,0
3196.3,0
3196.4,0
3196.5,0
3196.6,0
3196.7,0
3196.8,0
3196.9,0
3197,0
3197.1,0
3197.2,0
3197.3,0
3197.4,0
3197.5,0
3197.6,0
3197.7,0
3197.8,0
3197.9,0
3198,0
3198.1,0
3198.2,0
3198.3,0
3198.4,0
3198.5,0
3198.6,0
3198.7,0
3198.8,0
3198.9,0
3199,0
3199.1,0
3199.2,0
3199.3,0
3199.4,0
3199.5,0
3199.6,0
3199.7,0
3199.8,0
3199.9,0
3200,0
3200.1,0
3200.2,0
3200.3,0
3200.4,0
3200.5,0
3200.6,0
3200.7,0
3200.8,0
3200.9,0
3201,0
3201.1,0
3201.2,0
3201.3,0
3201.4,0
3201.5,0
3201.6,0
3201.7,0
3201.8,0
3201.9,0
3202,0
3202.1,0
3202.2,0
3202.3,0
3202.4,0
3202.5,0
3202.6,0
3202.7,0
3202.8,0
3202.9,0
3203,0
3203.1,0
3203.2,0
3203.3,0
3203.4,0
3203.5,0
3203.6,0
3203.7,0
3203.8,0
3203.9,0
3204,0
3204.1,0
3204.2,0
3204.3,0
3204.4,0
3204.5,0
3204.6,0
3204.7,0
3204.8,0
3204.9,0
3205,0
3205.1,0
3205.2,0
3205.3,0
3205.4,0
3205.5,0
3205.6,0
3205.7,0
3205.8,0
3205.9,0
3206,0
3206.1,0
3206.2,0
3206.3,0
3206.4,0
3206.5,0
3206.6,0
3206.7,0
3206.8,0
3206.9,0
3207,0
3207.1,0
3207.2,0
3207.3,0
3207.4,0
3207.5,0
3207.6,0
3207.7,0
3207.8,0
3207.9,0
3208,0
3208.1,0
3208.2,0
3208.3,0
3208.4,0
3208.5,0
3208.6,0
3208.7,0
3208.8,0
3208.9,0
3209,0
3209.1,0
3209.2,0
3209.3,0
3209.4,0
3209.5,0
3209.6,0
3209.7,0
3209.8,0
3209.9,0
3210,0
3210.1,0
3210.2,0
3210.3,0
3210.4,0
3210.5,0
3210.6,0
3210.7,0
3210.8,0
3210.9,0
3211,0
3211.1,0
3211.2,0
3211.3,0
3211.4,0
3211.5,0
3211.6,0
3211.7,0
3211.8,0
3211.9,0
3212,0
3212.1,0
3212.2,0
3212.3,0
3212.4,0
3212.5,0
3212.6,0
3212.7,0
3212.8,0
3212.9,0
3213,0
3213.1,0
3213.2,0
3213.3,0
3213.4,0
3213.5,0
3213.6,0
3213.7,0
3213.8,0
3213.9,0
3214,0
3214.1,0
3214.2,0
3214.3,0
3214.4,0
3214.5,0
3214.6,0
3214.7,0
3214.8,0
3214.9,0
3215,0
3215.1,0
3215.2,0
3215.3,0
3215.4,0
3215.5,0
3215.6,0
3215.7,0
3215.8,0
3215.9,0
3216,0
3216.1,0
3216.2,0
3216.3,0
3216.4,0
3216.5,0
3216.6,0
3216.7,0
3216.8,0
3216.9,0
3217,0
3217.1,0
3217.2,0
3217.3,0
3217.4,0
3217.5,0
3217.6,0
3217.7,0
3217.8,0
3217.9,0
3218,0
3218.1,0
3218.2,0
3218.3,0
3218.4,0
3218.5,0
3218.6,0
3218.7,0
3218.8,0
3218.9,0
3219,0
3219.1,0
3219.2,0
3219.3,0
3219.4,0
3219.5,0
3219.6,0
3219.7,0
3219.8,0
3219.9,0
3220,0
3220.1,0
3220.2,0
3220.3,0
3220.4,0
3220.5,0
3220.6,0
3220.7,0
3220.8,0
3220.9,0
3221,0
3221.1,0
3221.2,0
3221.3,0
3221.4,0
3221.5,0
3221.6,0
3221.7,0
3221.8,0
3221.9,0
3222,0
3222.1,0
3222.2,0
3222.3,0
3222.4,0
3222.5,0
3222.6,0
3222.7,0
3222.8,0
3222.9,0
3223,0
3223.1,0
3223.2,0
3223.3,0
3223.4,0
3223.5,0
3223.6,0
3223.7,0
3223.8,0
3223.9,0
3224,0
3224.1,0
3224.2,0
3224.3,0
3224.4,0
3224.5,0
3224.6,0
3224.7,0
3224.8,0
3224.9,0
3225,0
3225.1,0
3225.2,0
3225.3,0
3225.4,0
3225.5,0
3225.6,0
3225.7,0
3225.8,0
3225.9,0
3226,0
3226.1,0
3226.2,0
3226.3,0
3226.4,0
3226.5,0
3226.6,0
3226.7,0
3226.8,0
3226.9,0
3227,0
3227.1,0
3227.2,0
3227.3,0
3227.4,0
3227.5,0
3227.6,0
3227.7,0
3227.8,0
3227.9,0
3228,0
3228.1,0
3228.2,0
3228.3,0
3228.4,0
3228.5,0
3228.6,0
3228.7,0
3228.8,0
3228.9,0
3229,0
3229.1,0
3229.2,0
3229.3,0
3229.4,0
3229.5,0
3229.6,0
3229.7,0
3229.8,0
3229.9,0
3230,0
3230.1,0
3230.2,0
3230.3,0
3230.4,0
3230.5,0
3230.6,0
3230.7,0
3230.8,0
3230.9,0
3231,0
3231.1,0
3231.2,0
3231.3,0
3231.4,0
3231.5,0
3231.6,0
3231.7,0
3231.8,0
3231.9,0
3232,0
3232.1,0
3232.2,0
3232.3,0
3232.4,0
3232.5,0
3232.6,0
3232.7,0
3232.8,0
3232.9,0
3233,0
3233.1,0
3233.2,0
3233.3,0
3233.4,0
3233.5,0
3233.6,0
3233.7,0
3233.8,0
3233.9,0
3234,0
3234.1,0
3234.2,0
3234.3,0
3234.4,0
3234.5,0
3234.6,0
3234.7,0
3234.8,0
3234.9,0
3235,0
3235.1,0
3235.2,0
3235.3,0
3235.4,0
3235.5,0
3235.6,0
3235.7,0
3235.8,0
3235.9,0
3236,0
3236.1,0
3236.2,0
3236.3,0
3236.4,0
3236.5,0
3236.6,0
3236.7,0
3236.8,0
3236.9,0
3237,0
3237.1,0
3237.2,0
3237.3,0
3237.4,0
3237.5,0
3237.6,0
3237.7,0
3237.8,0
3237.9,0
3238,0
3238.1,0
3238.2,0
3238.3,0
3238.4,0
3238.5,0
3238.6,0
3238.7,0
3238.8,0
3238.9,0
3239,0
3239.1,0
3239.2,0
3239.3,0
3239.4,0
3239.5,0
3239.6,0
3239.7,0
3239.8,0
3239.9,0
3240,0
3240.1,0
3240.2,0
3240.3,0
3240.4,0
3240.5,0
3240.6,-1
3240.7,-1
3240.8,-1
3240.9,-1
3241,-1
3241.1,-1
3241.2,-1
3241.3,-1
3241.4,-1
3241.5,-1
3241.6,-1
3241.7,-1
3241.8,-1
3241.9,-1
3242,-1
3242.1,-1
3242.2,-1
3242.3,-1
3242.4,-1
3242.5,-1
3242.6,-1
3242.7,-1
3242.8,-1
3242.9,-1
3243,-1
3243.1,-1
3243.2,-1
3243.3,-1
3243.4,-1
3243.5,-1
3243.6,-1
3243.7,-1
3243.8,-1
3243.9,-1
3244,-1
3244.1,-1
3244.2,-1
3244.3,-1
3244.4,-1
3244.5,-1
3244.6,-1
3244.7,-1
3244.8,-1
3244.9,-1
3245,-1
3245.1,-1
3245.2,-1
3245.3,-1
3245.4,-1
3245.5,-1
3245.6,-1
3245.7,-1
3245.8,-1
3245.9,-1
3246,-1
3246.1,-1
3246.2,-1
3246.3,-1
3246.4,-1
3246.5,-1
3246.6,-1
3246.7,-1
3246.8,-1
3246.9,-1
3247,-1
3247.1,-1
3247.2,-1
3247.3,-1
3247.4,-1
3247.5,-1
3247.6,-1
3247.7,-1
3247.8,-1
3247.9,-1
3248,-1
3248.1,-1
3248.2,-1
3248.3,-1
3248.4,-1
3248.5,-1
3248.6,-1
3248.7,-1
3248.8,-1
3248.9,-1
3249,-1
3249.1,-1
3249.2,-1
3249.3,-1
3249.4,-1
3249.5,-1
3249.6,-1
3249.7,-1
3249.8,-1
3249.9,-1
3250,-1
3250.1,-1
3250.2,-1
3250.3,-1
3250.4,-1
3250.5,-1
3250.6,-1
3250.7,-1
3250.8,-1
3250.9,-1
3251,-1
3251.1,-1
3251.2,-1
3251.3,-1
3251.4,-1
3251.5,-1
3251.6,-1
3251.7,-1
3251.8,-1
3251.9,-1
3252,-1
3252.1,-1
3252.2,-1
3252.3,-1
3252.4,-1
3252.5,-1
3252.6,-1
3252.7,-1
3252.8,-1
3252.9,-1
3253,1
3253.1,1
3253.2,1
3253.3,1
3253.4,1
3253.5,1
3253.6,1
3253.7,1
3253.8,1
3253.9,1
3254,1
3254.1,1
3254.2,1
3254.3,1
3254.4,1
3254.5,1
3254.6,1
3254.7,1
3254.8,1
3254.9,1
3255,1
3255.1,1
3255.2,1
3255.3,1
3255.4,1
3255.5,1
3255.6,1
3255.7,1
3255.8,1
3255.9,1
3256,1
3256.1,1
3256.2,1
3256.3,1
3256.4,1
3256.5,1
3256.6,1
3256.7,1
3256.8,1
3256.9,1
3257,1
3257.1,1
3257.2,1
3257.3,1
3257.4,1
3257.5,1
3257.6,1
3257.7,1
3257.8,1
3257.9,1
3258,1
3258.1,1
3258.2,1
3258.3,1
3258.4,1
3258.5,1
3258.6,1
3258.7,1
3258.8,1
3258.9,1
3259,1
3259.1,1
3259.2,1
3259.3,1
3259.4,1
3259.5,1
3259.6,1
3259.7,1
3259.8,1
3259.9,1
3260,1
3260.1,1
3260.2,1
3260.3,1
3260.4,1
3260.5,1
3260.6,1
3260.7,1
3260.8,1
3260.9,1
3261,1
3261.1,1
3261.2,1
3261.3,1
3261.4,1
3261.5,1
3261.6,1
3261.7,1
3261.8,1
3261.9,1
3262,0
3262.1,0
3262.2,0
3262.3,0
3262.4,0
3262.5,0
3262.6,0
3262.7,0
3262.8,0
3262.9,0
3263,0
3263.1,0
3263.2,0
3263.3,0
3263.4,0
3263.5,0
3263.6,0
3263.7,0
3263.8,0
3263.9,0
3264,0
3264.1,0
3264.2,0
3264.3,0
3264.4,0
3264.5,0
3264.6,0
3264.7,0
3264.8,0
3264.9,0
3265,0
3265.1,0
3265.2,0
3265.3,0
3265.4,0
3265.5,0
3265.6,0
3265.7,0
3265.8,0
3265.9,0
3266,0
3266.1,0
3266.2,0
3266.3,0
3266.4,0
3266.5,0
3266.6,0
3266.7,0
3266.8,0
3266.9,0
3267,0
3267.1,0
3267.2,0
3267.3,0
3267.4,0
3267.5,0
3267.6,0
3267.7,0
3267.8,0
3267.9,0
3268,0
3268.1,0
3268.2,0
3268.3,0
3268.4,0
3268.5,0
3268.6,0
3268.7,0
3268.8,0
3268.9,0
3269,0
3269.1,0
3269.2,0
3269.3,0
3269.4,0
3269.5,0
3269.6,0
3269.7,0
3269.8,0
3269.9,0
3270,0
3270.1,0
3270.2,0
3270.3,0
3270.4,0
3270.5,0
3270.6,0
3270.7,0
3270.8,0
3270.9,0
3271,0
3271.1,0
3271.2,0
3271.3,0
3271.4,0
3271.5,0
3271.6,0
3271.7,0
3271.8,0
3271.9,0
3272,0
3272.1,0
3272.2,0
3272.3,0
3272.4,0
3272.5,0
3272.6,0
3272.7,0
3272.8,0
3272.9,0
3273,0
3273.1,0
3273.2,0
3273.3,0
3273.4,0
3273.5,0
3273.6,0
3273.7,0
3273.8,0
3273.9,0
3274,0
3274.1,0
3274.2,0
3274.3,0
3274.4,0
3274.5,0
3274.6,0
3274.7,0
3274.8,0
3274.9,0
3275,0
3275.1,0
3275.2,0
3275.3,0
3275.4,0
3275.5,0
3275.6,0
3275.7,0
3275.8,0
3275.9,0
3276,0
3276.1,0
3276.2,0
3276.3,0
3276.4,0
3276.5,0
3276.6,0
3276.7,0
3276.8,0
3276.9,0
3277,0
3277.1,0
3277.2,0
3277.3,0
3277.4,0
3277.5,0
3277.6,0
3277.7,0
3277.8,0
3277.9,0
3278,0
3278.1,0
3278.2,0
3278.3,0
3278.4,0
3278.5,0
3278.6,0
3278.7,0
3278.8,0
3278.9,0
3279,0
3279.1,0
3279.2,0
3279.3,0
3279.4,0
3279.5,0
3279.6,0
3279.7,0
3279.8,0
3279.9,0
3280,0
3280.1,0
3280.2,0
3280.3,0
3280.4,0
3280.5,0
3280.6,0
3280.7,0
3280.8,0
3280.9,0
3281,0
3281.1,0
3281.2,0
3281.3,0
3281.4,0
3281.5,0
3281.6,0
3281.7,0
3281.8,0
3281.9,0
3282,0
3282.1,0
3282.2,0
3282.3,0
3282.4,0
3282.5,0
3282.6,0
3282.7,0
3282.8,0
3282.9,0
3283,0
3283.1,0
3283.2,0
3283.3,0
3283.4,0
3283.5,0
3283.6,0
3283.7,0
3283.8,0
3283.9,0
3284,0
3284.1,0
3284.2,0
3284.3,0
3284.4,0
3284.5,0
3284.6,0
3284.7,0
3284.8,0
3284.9,0
3285,0
3285.1,0
3285.2,0
3285.3,0
3285.4,0
3285.5,0
3285.6,-1
3285.7,-1
3285.8,-1
3285.9,-1
3286,-1
3286.1,-1
3286.2,-1
3286.3,-1
3286.4,-1
3286.5,-1
3286.6,-1
3286.7,-1
3286.8,-1
3286.9,-1
3287,-1
3287.1,-1
3287.2,-1
3287.3,-1
3287.4,-1
3287.5,-1
3287.6,-1
3287.7,-1
3287.8,-1
3287.9,-1
3288,-1
3288.1,-1
3288.2,-1
3288.3,-1
3288.4,-1
3288.5,-1
3288.6,-1
3288.7,-1
3288.8,-1
3288.9,0
3289,0
3289.1,0
3289.2,0
3289.3,0
3289.4,0
3289.5,0
3289.6,0
3289.7,0
3289.8,0
3289.9,0
3290,0
3290.1,0
3290.2,0
3290.3,0
3290.4,0
3290.5,0
3290.6,0
3290.7,0
3290.8,0
3290.9,0
3291,0
3291.1,0
3291.2,0
3291.3,0
3291.4,0
3291.5,0
3291.6,0
3291.7,0
3291.8,0
3291.9,0
3292,0
3292.1,0
3292.2,0
3292.3,0
3292.4,0
3292.5,0
3292.6,0
3292.7,0
3292.8,0
3292.9,0
3293,0
3293.1,0
3293.2,0
3293.3,0
3293.4,0
3293.5,0
3293.6,0
3293.7,0
3293.8,0
3293.9,0
3294,0
3294.1,0
3294.2,0
3294.3,0
3294.4,0
3294.5,0
3294.6,0
3294.7,0
3294.8,0
3294.9,0
3295,0
3295.1,0
3295.2,0
3295.3,0
3295.4,0
3295.5,0
3295.6,0
3295.7,0
3295.8,0
3295.9,0
3296,0
3296.1,0
3296.2,0
3296.3,0
3296.4,0
3296.5,0
3296.6,0
3296.7,0
3296.8,0
3296.9,0
3297,0
3297.1,0
3297.2,0
3297.3,0
3297.4,0
3297.5,0
3297.6,0
3297.7,0
3297.8,0
3297.9,0
3298,0
3298.1,0
3298.2,0
3298.3,0
3298.4,0
3298.5,0
3298.6,0
3298.7,0
3298.8,0
3298.9,0
3299,0
3299.1,0
3299.2,0
3299.3,0
3299.4,0
3299.5,0
3299.6,0
3299.7,0
3299.8,0
3299.9,0
3300,0
3300.1,0
3300.2,0
3300.3,0
3300.4,0
3300.5,0
3300.6,0
3300.7,0
3300.8,0
3300.9,0
3301,0
3301.1,0
3301.2,0
3301.3,0
3301.4,0
3301.5,0
3301.6,0
3301.7,0
3301.8,0
3301.9,0
3302,0
3302.1,0
3302.2,0
3302.3,0
3302.4,0
3302.5,0
3302.6,0
3302.7,0
3302.8,0
3302.9,0
3303,0
3303.1,0
3303.2,0
3303.3,0
3303.4,0
3303.5,0
3303.6,0
3303.7,0
3303.8,0
3303.9,0
3304,0
3304.1,0
3304.2,0
3304.3,0
3304.4,0
3304.5,0
3304.6,0
3304.7,0
3304.8,0
3304.9,0
3305,0
3305.1,0
3305.2,0
3305.3,0
3305.4,0
3305.5,0
3305.6,0
3305.7,0
3305.8,0
3305.9,0
3306,0
3306.1,0
3306.2,0
3306.3,0
3306.4,0
3306.5,0
3306.6,0
3306.7,0
3306.8,0
3306.9,0
3307,0
3307.1,0
3307.2,0
3307.3,0
3307.4,0
3307.5,0
3307.6,0
3307.7,0
3307.8,0
3307.9,0
3308,0
3308.1,0
3308.2,0
3308.3,0
3308.4,0
3308.5,0
3308.6,0
3308.7,0
3308.8,0
3308.9,0
3309,0
3309.1,0
3309.2,0
3309.3,0
3309.4,0
3309.5,0
3309.6,0
3309.7,0
3309.8,0
3309.9,0
3310,0
3310.1,0
3310.2,0
3310.3,0
3310.4,0
3310.5,0
3310.6,0
3310.7,0
3310.8,0
3310.9,0
3311,0
3311.1,0
3311.2,0
3311.3,0
3311.4,0
3311.5,0
3311.6,0
3311.7,0
3311.8,0
3311.9,0
3312,0
3312.1,0
3312.2,0
3312.3,0
3312.4,0
3312.5,0
3312.6,0
3312.7,0
3312.8,0
3312.9,0
3313,0
3313.1,0
3313.2,0
3313.3,0
3313.4,0
3313.5,0
3313.6,0
3313.7,0
3313.8,0
3313.9,0
3314,0
3314.1,0
3314.2,0
3314.3,0
3314.4,0
3314.5,0
3314.6,0
3314.7,0
3314.8,0
3314.9,0
3315,0
3315.1,0
3315.2,0
3315.3,0
3315.4,0
3315.5,0
3315.6,0
3315.7,0
3315.8,0
3315.9,0
3316,0
3316.1,0
3316.2,0
3316.3,0
3316.4,0
3316.5,0
3316.6,0
3316.7,0
3316.8,0
3316.9,0
3317,0
3317.1,0
3317.2,0
3317.3,0
3317.4,0
3317.5,0
3317.6,0
3317.7,0
3317.8,0
3317.9,0
3318,0
3318.1,0
3318.2,0
3318.3,0
3318.4,0
3318.5,0
3318.6,0
3318.7,0
3318.8,0
3318.9,0
3319,0
3319.1,0
3319.2,0
3319.3,0
3319.4,0
3319.5,0
3319.6,0
3319.7,0
3319.8,0
3319.9,0
3320,0
3320.1,0
3320.2,0
3320.3,0
3320.4,0
3320.5,0
3320.6,0
3320.7,0
3320.8,0
3320.9,0
3321,0
3321.1,0
3321.2,0
3321.3,0
3321.4,0
3321.5,0
3321.6,0
3321.7,0
3321.8,0
3321.9,0
3322,0
3322.1,0
3322.2,0
3322.3,0
3322.4,0
3322.5,0
3322.6,0
3322.7,0
3322.8,0
3322.9,0
3323,0
3323.1,0
3323.2,0
3323.3,0
3323.4,0
3323.5,0
3323.6,0
3323.7,0
3323.8,0
3323.9,0
3324,0
3324.1,0
3324.2,0
3324.3,0
3324.4,0
3324.5,0
3324.6,0
3324.7,0
3324.8,0
3324.9,0
3325,0
3325.1,0
3325.2,0
3325.3,0
3325.4,0
3325.5,0
3325.6,0
3325.7,0
3325.8,0
3325.9,0
3326,0
3326.1,0
3326.2,0
3326.3,0
3326.4,0
3326.5,0
3326.6,0
3326.7,0
3326.8,0
3326.9,0
3327,0
3327.1,0
3327.2,0
3327.3,0
3327.4,0
3327.5,0
3327.6,0
3327.7,0
3327.8,0
3327.9,0
3328,0
3328.1,0
3328.2,0
3328.3,0
3328.4,0
3328.5,0
3328.6,0
3328.7,0
3328.8,0
3328.9,0
3329,0
3329.1,0
3329.2,0
3329.3,0
3329.4,0
3329.5,0
3329.6,0
3329.7,0
3329.8,0
3329.9,0
3330,0
3330.1,0
3330.2,0
3330.3,0
3330.4,0
3330.5,0
3330.6,0
3330.7,0
3330.8,0
3330.9,0
3331,0
3331.1,0
3331.2,0
3331.3,0
3331.4,0
3331.5,0
3331.6,0
3331.7,0
3331.8,0
3331.9,0
3332,0
3332.1,0
3332.2,0
3332.3,0
3332.4,0
3332.5,0
3332.6,0
3332.7,0
3332.8,0
3332.9,0
3333,0
3333.1,0
3333.2,0
3333.3,0
3333.4,0
3333.5,0
3333.6,0
3333.7,0
3333.8,0
3333.9,0
3334,0
3334.1,0
3334.2,0
3334.3,0
3334.4,0
3334.5,0
3334.6,0
3334.7,0
3334.8,0
3334.9,0
3335,0
3335.1,0
3335.2,0
3335.3,0
3335.4,0
3335.5,0
3335.6,0
3335.7,0
3335.8,0
3335.9,0
3336,0
3336.1,0
3336.2,0
3336.3,0
3336.4,0
3336.5,0
3336.6,0
3336.7,0
3336.8,0
3336.9,0
3337,0
3337.1,0
3337.2,0
3337.3,0
3337.4,0
3337.5,0
3337.6,0
3337.7,0
3337.8,0
3337.9,0
3338,0
3338.1,0
3338.2,0
3338.3,0
3338.4,0
3338.5,0
3338.6,0
3338.7,0
3338.8,0
3338.9,0
3339,0
3339.1,0
3339.2,0
3339.3,0
3339.4,0
3339.5,0
3339.6,0
3339.7,0
3339.8,0
3339.9,0
3340,0
3340.1,0
3340.2,0
3340.3,0
3340.4,0
3340.5,0
3340.6,0
3340.7,0
3340.8,0
3340.9,0
3341,0
3341.1,0
3341.2,0
3341.3,0
3341.4,0
3341.5,0
3341.6,0
3341.7,0
3341.8,0
3341.9,0
3342,0
3342.1,0
3342.2,0
3342.3,0
3342.4,0
3342.5,0
3342.6,0
3342.7,0
3342.8,0
3342.9,0
3343,0
3343.1,0
3343.2,0
3343.3,0
3343.4,0
3343.5,0
3343.6,0
3343.7,0
3343.8,0
3343.9,0
3344,0
3344.1,0
3344.2,0
3344.3,0
3344.4,0
3344.5,0
3344.6,0
3344.7,0
3344.8,0
3344.9,0
3345,0
3345.1,0
3345.2,0
3345.3,0
3345.4,0
3345.5,0
3345.6,0
3345.7,0
3345.8,0
3345.9,0
3346,0
3346.1,0
3346.2,0
3346.3,0
3346.4,0
3346.5,0
3346.6,0
3346.7,0
3346.8,0
3346.9,0
3347,0
3347.1,0
3347.2,0
3347.3,0
3347.4,0
3347.5,0
3347.6,0
3347.7,0
3347.8,0
3347.9,0
3348,0
3348.1,0
3348.2,0
3348.3,0
3348.4,0
3348.5,0
3348.6,0
3348.7,0
3348.8,0
3348.9,0
3349,0
3349.1,0
3349.2,0
3349.3,0
3349.4,0
3349.5,0
3349.6,0
3349.7,0
3349.8,0
3349.9,0
3350,0
3350.1,0
3350.2,0
3350.3,0
3350.4,0
3350.5,0
3350.6,0
3350.7,0
3350.8,0
3350.9,0
3351,0
3351.1,0
3351.2,0
3351.3,0
3351.4,0
3351.5,0
3351.6,0
3351.7,0
3351.8,0
3351.9,0
3352,0
3352.1,0
3352.2,0
3352.3,0
3352.4,0
3352.5,0
3352.6,0
3352.7,0
3352.8,0
3352.9,0
3353,0
3353.1,0
3353.2,0
3353.3,0
3353.4,0
3353.5,0
3353.6,0
3353.7,0
3353.8,0
3353.9,0
3354,0
3354.1,0
3354.2,0
3354.3,0
3354.4,0
3354.5,0
3354.6,0
3354.7,0
3354.8,0
3354.9,0
3355,0
3355.1,0
3355.2,0
3355.3,0
3355.4,0
3355.5,0
3355.6,0
3355.7,0
3355.8,0
3355.9,0
3356,0
3356.1,0
3356.2,0
3356.3,0
3356.4,0
3356.5,0
3356.6,0
3356.7,0
3356.8,0
3356.9,0
3357,0
3357.1,0
3357.2,0
3357.3,0
3357.4,0
3357.5,0
3357.6,0
3357.7,0
3357.8,0
3357.9,0
3358,0
3358.1,0
3358.2,0
3358.3,0
3358.4,0
3358.5,0
3358.6,0
3358.7,0
3358.8,0
3358.9,0
3359,0
3359.1,0
3359.2,0
3359.3,0
3359.4,0
3359.5,0
3359.6,0
3359.7,0
3359.8,0
3359.9,0
3360,0
3360.1,0
3360.2,0
3360.3,0
3360.4,0
3360.5,0
3360.6,0
3360.7,0
3360.8,0
3360.9,0
3361,0
3361.1,0
3361.2,0
3361.3,0
3361.4,0
3361.5,0
3361.6,0
3361.7,0
3361.8,0
3361.9,0
3362,0
3362.1,0
3362.2,0
3362.3,0
3362.4,0
3362.5,0
3362.6,0
3362.7,0
3362.8,0
3362.9,0
3363,0
3363.1,0
3363.2,0
3363.3,0
3363.4,0
3363.5,0
3363.6,0
3363.7,0
3363.8,0
3363.9,0
3364,0
3364.1,0
3364.2,0
3364.3,0
3364.4,0
3364.5,0
3364.6,0
3364.7,0
3364.8,0
3364.9,0
3365,0
3365.1,0
3365.2,0
3365.3,0
3365.4,0
3365.5,0
3365.6,0
3365.7,0
3365.8,0
3365.9,0
3366,0
3366.1,0
3366.2,0
3366.3,0
3366.4,0
3366.5,0
3366.6,0
3366.7,0
3366.8,0
3366.9,0
3367,0
3367.1,0
3367.2,0
3367.3,0
3367.4,0
3367.5,0
3367.6,0
3367.7,0
3367.8,0
3367.9,0
3368,0
3368.1,0
3368.2,0
3368.3,0
3368.4,0
3368.5,0
3368.6,0
3368.7,0
3368.8,0
3368.9,0
3369,0
3369.1,0
3369.2,0
3369.3,0
3369.4,0
3369.5,0
3369.6,0
3369.7,0
3369.8,0
3369.9,0
3370,0
3370.1,0
3370.2,0
3370.3,0
3370.4,0
3370.5,0
3370.6,0
3370.7,0
3370.8,0
3370.9,0
3371,0
3371.1,0
3371.2,0
3371.3,0
3371.4,0
3371.5,0
3371.6,0
3371.7,0
3371.8,0
3371.9,0
3372,0
3372.1,0
3372.2,0
3372.3,0
3372.4,0
3372.5,0
3372.6,0
3372.7,0
3372.8,-1
3372.9,-1
3373,-1
3373.1,-1
3373.2,-1
3373.3,-1
3373.4,-1
3373.5,-1
3373.6,-1
3373.7,-1
3373.8,-1
3373.9,-1
3374,-1
3374.1,-1
3374.2,-1
3374.3,-1
3374.4,-1
3374.5,-1
3374.6,-1
3374.7,-1
3374.8,-1
3374.9,-1
3375,-1
3375.1,-1
3375.2,-1
3375.3,-1
3375.4,-1
3375.5,-1
3375.6,-1
3375.7,-1
3375.8,-1
3375.9,-1
3376,-1
3376.1,-1
3376.2,-1
3376.3,-1
3376.4,-1
3376.5,-1
3376.6,-1
3376.7,-1
3376.8,-1
3376.9,-1
3377,-1
3377.1,-1
3377.2,-1
3377.3,-1
3377.4,-1
3377.5,-1
3377.6,-1
3377.7,-1
3377.8,-1
3377.9,-1
3378,-1
3378.1,-1
3378.2,-1
3378.3,-1
3378.4,-1
3378.5,-1
3378.6,-1
3378.7,-1
3378.8,-1
3378.9,-1
3379,-1
3379.1,-1
3379.2,-1
3379.3,-1
3379.4,-1
3379.5,-1
3379.6,-1
3379.7,-1
3379.8,-1
3379.9,-1
3380,-1
3380.1,-1
3380.2,-1
3380.3,-1
3380.4,-1
3380.5,-1
3380.6,-1
3380.7,-1
3380.8,-1
3380.9,-1
3381,-1
3381.1,-1
3381.2,-1
3381.3,-1
3381.4,-1
3381.5,-1
3381.6,-1
3381.7,-1
3381.8,-1
3381.9,-1
3382,-1
3382.1,-1
3382.2,-1
3382.3,-1
3382.4,-1
3382.5,-1
3382.6,-1
3382.7,-1
3382.8,-1
3382.9,-1
3383,-1
3383.1,-1
3383.2,-1
3383.3,-1
3383.4,-1
3383.5,-1
3383.6,-1
3383.7,-1
3383.8,-1
3383.9,-1
3384,-1
3384.1,-1
3384.2,-1
3384.3,-1
3384.4,-1
3384.5,-1
3384.6,-1
3384.7,-1
3384.8,-1
3384.9,-1
3385,-1
3385.1,-1
3385.2,-1
3385.3,-1
3385.4,-1
3385.5,-1
3385.6,-1
3385.7,-1
3385.8,-1
3385.9,-1
3386,-1
3386.1,-1
3386.2,-1
3386.3,-1
3386.4,-1
3386.5,-1
3386.6,-1
3386.7,-1
3386.8,-1
3386.9,-1
3387,-1
3387.1,-1
3387.2,-1
3387.3,-1
3387.4,-1
3387.5,-1
3387.6,-1
3387.7,-1
3387.8,-1
3387.9,-1
3388,-1
3388.1,-1
3388.2,-1
3388.3,-1
3388.4,-1
3388.5,-1
3388.6,0
3388.7,0
3388.8,0
3388.9,0
3389,0
3389.1,0
3389.2,0
3389.3,0
3389.4,0
3389.5,0
3389.6,0
3389.7,0
3389.8,0
3389.9,0
3390,0
3390.1,0
3390.2,0
3390.3,0
3390.4,0
3390.5,0
3390.6,0
3390.7,0
3390.8,0
3390.9,0
3391,0
3391.1,0
3391.2,0
3391.3,0
3391.4,0
3391.5,0
3391.6,0
3391.7,0
3391.8,0
3391.9,0
3392,0
3392.1,0
3392.2,0
3392.3,0
3392.4,0
3392.5,0
3392.6,0
3392.7,0
3392.8,0
3392.9,0
3393,0
3393.1,0
3393.2,0
3393.3,0
3393.4,0
3393.5,0
3393.6,0
3393.7,0
3393.8,0
3393.9,0
3394,0
3394.1,0
3394.2,0
3394.3,0
3394.4,0
3394.5,0
3394.6,0
3394.7,0
3394.8,0
3394.9,0
3395,0
3395.1,0
3395.2,0
3395.3,0
3395.4,0
3395.5,0
3395.6,0
3395.7,0
3395.8,0
3395.9,0
3396,0
3396.1,0
3396.2,0
3396.3,0
3396.4,0
3396.5,0
3396.6,0
3396.7,0
3396.8,0
3396.9,0
3397,0
3397.1,0
3397.2,0
3397.3,0
3397.4,0
3397.5,0
3397.6,0
3397.7,0
3397.8,0
3397.9,0
3398,0
3398.1,0
3398.2,0
3398.3,0
3398.4,0
3398.5,0
3398.6,0
3398.7,0
3398.8,0
3398.9,0
3399,0
3399.1,0
3399.2,0
3399.3,0
3399.4,0
3399.5,0
3399.6,0
3399.7,0
3399.8,0
3399.9,0
3400,0
3400.1,0
3400.2,0
3400.3,0
3400.4,0
3400.5,0
3400.6,0
3400.7,0
3400.8,0
3400.9,0
3401,0
3401.1,0
3401.2,0
3401.3,0
3401.4,0
3401.5,0
3401.6,0
3401.7,0
3401.8,0
3401.9,0
3402,0
3402.1,0
3402.2,0
3402.3,0
3402.4,0
3402.5,0
3402.6,0
3402.7,0
3402.8,0
3402.9,0
3403,0
3403.1,0
3403.2,0
3403.3,0
3403.4,0
3403.5,0
3403.6,0
3403.7,0
3403.8,0
3403.9,0
3404,0
3404.1,0
3404.2,0
3404.3,0
3404.4,0
3404.5,0
3404.6,0
3404.7,0
3404.8,0
3404.9,0
3405,0
3405.1,0
3405.2,0
3405.3,0
3405.4,0
3405.5,0
3405.6,0
3405.7,0
3405.8,0
3405.9,0
3406,0
3406.1,0
3406.2,0
3406.3,0
3406.4,0
3406.5,0
3406.6,0
3406.7,0
3406.8,0
3406.9,0
3407,0
3407.1,0
3407.2,0
3407.3,0
3407.4,0
3407.5,0
3407.6,0
3407.7,0
3407.8,0
3407.9,0
3408,0
3408.1,0
3408.2,0
3408.3,0
3408.4,0
3408.5,0
3408.6,0
3408.7,0
3408.8,0
3408.9,0
3409,0
3409.1,0
3409.2,0
3409.3,0
3409.4,0
3409.5,0
3409.6,0
3409.7,0
3409.8,0
3409.9,0
3410,0
3410.1,0
3410.2,0
3410.3,0
3410.4,0
3410.5,0
3410.6,0
3410.7,0
3410.8,0
3410.9,0
3411,0
3411.1,0
3411.2,0
3411.3,0
3411.4,0
3411.5,0
3411.6,0
3411.7,0
3411.8,0
3411.9,0
3412,0
3412.1,0
3412.2,0
3412.3,0
3412.4,0
3412.5,0
3412.6,0
3412.7,0
3412.8,0
3412.9,0
3413,0
3413.1,0
3413.2,0
3413.3,0
3413.4,0
3413.5,0
3413.6,0
3413.7,0
3413.8,0
3413.9,0
3414,0
3414.1,0
3414.2,0
3414.3,0
3414.4,0
3414.5,0
3414.6,0
3414.7,0
3414.8,0
3414.9,0
3415,0
3415.1,0
3415.2,0
3415.3,0
3415.4,0
3415.5,0
3415.6,0
3415.7,0
3415.8,0
3415.9,0
3416,0
3416.1,0
3416.2,0
3416.3,0
3416.4,0
3416.5,0
3416.6,0
3416.7,0
3416.8,0
3416.9,0
3417,0
3417.1,0
3417.2,0
3417.3,0
3417.4,0
3417.5,0
3417.6,0
3417.7,0
3417.8,0
3417.9,0
3418,0
3418.1,0
3418.2,0
3418.3,0
3418.4,0
3418.5,0
3418.6,0
3418.7,0
3418.8,0
3418.9,0
3419,0
3419.1,0
3419.2,0
3419.3,0
3419.4,0
3419.5,0
3419.6,0
3419.7,0
3419.8,0
3419.9,0
3420,0
3420.1,0
3420.2,0
3420.3,0
3420.4,0
3420.5,0
3420.6,0
3420.7,0
3420.8,0
3420.9,0
3421,0
3421.1,0
3421.2,0
3421.3,0
3421.4,0
3421.5,0
3421.6,0
3421.7,0
3421.8,0
3421.9,0
3422,0
3422.1,0
3422.2,0
3422.3,0
3422.4,0
3422.5,0
3422.6,0
3422.7,0
3422.8,0
3422.9,0
3423,0
3423.1,0
3423.2,0
3423.3,0
3423.4,0
3423.5,0
3423.6,0
3423.7,0
3423.8,0
3423.9,0
3424,0
3424.1,0
3424.2,0
3424.3,0
3424.4,0
3424.5,0
3424.6,0
3424.7,0
3424.8,0
3424.9,0
3425,0
3425.1,0
3425.2,0
3425.3,0
3425.4,0
3425.5,0
3425.6,0
3425.7,0
3425.8,0
3425.9,0
3426,0
3426.1,0
3426.2,0
3426.3,0
3426.4,0
3426.5,0
3426.6,0
3426.7,0
3426.8,0
3426.9,0
3427,0
3427.1,0
3427.2,0
3427.3,0
3427.4,0
3427.5,0
3427.6,0
3427.7,0
3427.8,0
3427.9,0
3428,0
3428.1,0
3428.2,0
3428.3,0
3428.4,0
3428.5,0
3428.6,0
3428.7,0
3428.8,0
3428.9,0
3429,0
3429.1,0
3429.2,0
3429.3,0
3429.4,0
3429.5,0
3429.6,0
3429.7,0
3429.8,0
3429.9,0
3430,0
3430.1,0
3430.2,0
3430.3,0
3430.4,0
3430.5,0
3430.6,0
3430.7,0
3430.8,0
3430.9,0
3431,0
3431.1,0
3431.2,0
3431.3,0
3431.4,0
3431.5,0
3431.6,0
3431.7,0
3431.8,0
3431.9,0
3432,0
3432.1,0
3432.2,0
3432.3,0
3432.4,0
3432.5,0
3432.6,0
3432.7,0
3432.8,0
3432.9,0
3433,0
3433.1,0
3433.2,0
3433.3,0
3433.4,0
3433.5,0
3433.6,0
3433.7,0
3433.8,0
3433.9,0
3434,0
3434.1,0
3434.2,0
3434.3,0
3434.4,0
3434.5,0
3434.6,0
3434.7,0
3434.8,0
3434.9,0
3435,0
3435.1,0
3435.2,0
3435.3,0
3435.4,0
3435.5,0
3435.6,0
3435.7,0
3435.8,0
3435.9,0
3436,0
3436.1,0
3436.2,0
3436.3,0
3436.4,0
3436.5,0
3436.6,0
3436.7,0
3436.8,0
3436.9,0
3437,0
3437.1,0
3437.2,0
3437.3,0
3437.4,0
3437.5,0
3437.6,0
3437.7,0
3437.8,0
3437.9,0
3438,0
3438.1,0
3438.2,0
3438.3,0
3438.4,0
3438.5,0
3438.6,0
3438.7,0
3438.8,0
3438.9,0
3439,0
3439.1,0
3439.2,0
3439.3,0
3439.4,0
3439.5,0
3439.6,0
3439.7,0
3439.8,0
3439.9,0
3440,0
3440.1,0
3440.2,0
3440.3,0
3440.4,0
3440.5,0
3440.6,0
3440.7,0
3440.8,0
3440.9,0
3441,0
3441.1,0
3441.2,0
3441.3,0
3441.4,0
3441.5,0
3441.6,0
3441.7,0
3441.8,0
3441.9,0
3442,0
3442.1,0
3442.2,0
3442.3,0
3442.4,0
3442.5,0
3442.6,0
3442.7,0
3442.8,0
3442.9,0
3443,0
3443.1,0
3443.2,0
3443.3,0
3443.4,0
3443.5,0
3443.6,0
3443.7,0
3443.8,0
3443.9,0
3444,0
3444.1,0
3444.2,0
3444.3,0
3444.4,0
3444.5,0
3444.6,0
3444.7,0
3444.8,0
3444.9,0
3445,0
3445.1,0
3445.2,0
3445.3,0
3445.4,0
3445.5,0
3445.6,0
3445.7,0
3445.8,0
3445.9,0
3446,0
3446.1,0
3446.2,0
3446.3,0
3446.4,0
3446.5,0
3446.6,0
3446.7,0
3446.8,0
3446.9,0
3447,0
3447.1,0
3447.2,0
3447.3,0
3447.4,0
3447.5,0
3447.6,0
3447.7,0
3447.8,0
3447.9,0
3448,0
3448.1,0
3448.2,0
3448.3,0
3448.4,0
3448.5,0
3448.6,0
3448.7,0
3448.8,0
3448.9,0
3449,0
3449.1,0
3449.2,0
3449.3,0
3449.4,0
3449.5,0
3449.6,0
3449.7,0
3449.8,0
3449.9,0
3450,0
3450.1,0
3450.2,0
3450.3,0
3450.4,0
3450.5,0
3450.6,0
3450.7,0
3450.8,0
3450.9,0
3451,0
3451.1,0
3451.2,0
3451.3,0
3451.4,0
3451.5,0
3451.6,0
3451.7,0
3451.8,0
3451.9,0
3452,0
3452.1,0
3452.2,0
3452.3,0
3452.4,-1
3452.5,-1
3452.6,-1
3452.7,-1
3452.8,-1
3452.9,-1
3453,-1
3453.1,-1
3453.2,-1
3453.3,-1
3453.4,-1
3453.5,-1
3453.6,-1
3453.7,-1
3453.8,-1
3453.9,-1
3454,-1
3454.1,-1
3454.2,-1
3454.3,-1
3454.4,-1
3454.5,-1
3454.6,-1
3454.7,-1
3454.8,-1
3454.9,-1
3455,-1
3455.1,-1
3455.2,-1
3455.3,-1
3455.4,-1
3455.5,-1
3455.6,-1
3455.7,-1
3455.8,-1
3455.9,-1
3456,-1
3456.1,-1
3456.2,-1
3456.3,-1
3456.4,-1
3456.5,-1
3456.6,-1
3456.7,-1
3456.8,-1
3456.9,-1
3457,-1
3457.1,-1
3457.2,-1
3457.3,-1
3457.4,-1
3457.5,-1
3457.6,-1
3457.7,-1
3457.8,-1
3457.9,-1
3458,-1
3458.1,-1
3458.2,-1
3458.3,-1
3458.4,-1
3458.5,-1
3458.6,-1
3458.7,-1
3458.8,-1
3458.9,-1
3459,-1
3459.1,-1
3459.2,-1
3459.3,-1
3459.4,-1
3459.5,-1
3459.6,-1
3459.7,-1
3459.8,-1
3459.9,-1
3460,-1
3460.1,-1
3460.2,-1
3460.3,-1
3460.4,-1
3460.5,-1
3460.6,-1
3460.7,-1
3460.8,-1
3460.9,-1
3461,-1
3461.1,-1
3461.2,-1
3461.3,-1
3461.4,-1
3461.5,-1
3461.6,-1
3461.7,-1
3461.8,-1
3461.9,-1
3462,-1
3462.1,-1
3462.2,-1
3462.3,-1
3462.4,-1
3462.5,-1
3462.6,-1
3462.7,-1
3462.8,-1
3462.9,-1
3463,-1
3463.1,-1
3463.2,-1
3463.3,-1
3463.4,-1
3463.5,-1
3463.6,-1
3463.7,-1
3463.8,-1
3463.9,-1
3464,-1
3464.1,0
3464.2,0
3464.3,0
3464.4,0
3464.5,0
3464.6,0
3464.7,0
3464.8,0
3464.9,0
3465,0
3465.1,0
3465.2,0
3465.3,0
3465.4,0
3465.5,0
3465.6,0
3465.7,0
3465.8,0
3465.9,0
3466,0
3466.1,0
3466.2,0
3466.3,0
3466.4,0
3466.5,0
3466.6,0
3466.7,0
3466.8,0
3466.9,0
3467,0
3467.1,-1
3467.2,-1
3467.3,-1
3467.4,-1
3467.5,-1
3467.6,-1
3467.7,-1
3467.8,-1
3467.9,-1
3468,-1
3468.1,0
3468.2,0
3468.3,0
3468.4,0
3468.5,0
3468.6,0
3468.7,0
3468.8,0
3468.9,0
3469,0
3469.1,0
3469.2,0
3469.3,0
3469.4,0
3469.5,0
3469.6,0
3469.7,0
3469.8,0
3469.9,0
3470,0
3470.1,0
3470.2,0
3470.3,0
3470.4,0
3470.5,0
3470.6,0
3470.7,0
3470.8,0
3470.9,0
3471,0
3471.1,0
3471.2,-1
3471.3,-1
3471.4,-1
3471.5,-1
3471.6,-1
3471.7,-1
3471.8,-1
3471.9,-1
3472,-1
3472.1,-1
3472.2,-1
3472.3,-1
3472.4,-1
3472.5,-1
3472.6,-1
3472.7,-1
3472.8,-1
3472.9,-1
3473,-1
3473.1,-1
3473.2,-1
3473.3,-1
3473.4,-1
3473.5,-1
3473.6,-1
3473.7,-1
3473.8,-1
3473.9,-1
3474,-1
3474.1,-1
3474.2,-1
3474.3,-1
3474.4,-1
3474.5,-1
3474.6,-1
3474.7,-1
3474.8,-1
3474.9,-1
3475,-1
3475.1,-1
3475.2,-1
3475.3,-1
3475.4,-1
3475.5,-1
3475.6,-1
3475.7,-1
3475.8,-1
3475.9,-1
3476,-1
3476.1,-1
3476.2,-1
3476.3,-1
3476.4,-1
3476.5,-1
3476.6,-1
3476.7,-1
3476.8,-1
3476.9,-1
3477,-1
3477.1,-1
3477.2,-1
3477.3,-1
3477.4,-1
3477.5,-1
3477.6,-1
3477.7,-1
3477.8,-1
3477.9,-1
3478,-1
3478.1,-1
3478.2,-1
3478.3,-1
3478.4,-1
3478.5,-1
3478.6,-1
3478.7,-1
3478.8,-1
3478.9,-1
3479,-1
3479.1,-1
3479.2,-1
3479.3,-1
3479.4,-1
3479.5,-1
3479.6,-1
3479.7,-1
3479.8,-1
3479.9,-1
3480,-1
3480.1,-1
3480.2,-1
3480.3,-1
3480.4,-1
3480.5,-1
3480.6,-1
3480.7,-1
3480.8,-1
3480.9,-1
3481,-1
3481.1,-1
3481.2,-1
3481.3,-1
3481.4,-1
3481.5,-1
3481.6,-1
3481.7,-1
3481.8,-1
3481.9,-1
3482,-1
3482.1,-1
3482.2,-1
3482.3,-1
3482.4,-1
3482.5,-1
3482.6,-1
3482.7,-1
3482.8,-1
3482.9,-1
3483,-1
3483.1,-1
3483.2,-1
3483.3,-1
3483.4,-1
3483.5,-1
3483.6,-1
3483.7,-1
3483.8,-1
3483.9,-1
3484,-1
3484.1,-1
3484.2,-1
3484.3,-1
3484.4,-1
3484.5,-1
3484.6,-1
3484.7,-1
3484.8,-1
3484.9,-1
3485,-1
3485.1,-1
3485.2,-1
3485.3,-1
3485.4,-1
3485.5,-1
3485.6,-1
3485.7,-1
3485.8,-1
3485.9,-1
3486,-1
3486.1,-1
3486.2,-1
3486.3,-1
3486.4,-1
3486.5,-1
3486.6,-1
3486.7,-1
3486.8,-1
3486.9,-1
3487,-1
3487.1,-1
3487.2,-1
3487.3,-1
3487.4,-1
3487.5,-1
3487.6,-1
3487.7,-1
3487.8,-1
3487.9,-1
3488,-1
3488.1,-1
3488.2,-1
3488.3,-1
3488.4,-1
3488.5,-1
3488.6,-1
3488.7,-1
3488.8,-1
3488.9,-1
3489,0
